grid_id,grid_size,density,instance_id,reasoning_effort,transform_type,trajectory_category,start_to_coin_distance,coin_to_goal_distance,start_to_goal_via_coin_distance,start_to_goal_distance,coin_detour_distance,coin_reachable_from_start,goal_reachable_from_start,goal_reachable_from_coin,num_trajectories,num_coin_collected,num_goal_after_coin,num_goal_only,coin_collected_rate,goal_after_coin_rate,goal_only_rate,full_success_rate,mean_trajectory_length,mean_action_accuracy,mean_action_accuracy_phase1,mean_action_accuracy_phase2,spl,mean_entropy,mean_optimal_entropy,mean_jsd,mean_entropy_phase1,mean_jsd_phase1,mean_entropy_phase2,mean_jsd_phase2,ece,mean_step_accuracy,total_steps,mean_actions_up,mean_actions_down,mean_actions_left,mean_actions_right,mean_steps_front,mean_steps_left_turn,mean_steps_right_turn,mean_steps_back,mean_cell_revisits,mean_immediate_revisits,mean_coin_oscillations,mean_invalid_actions
size11_comp0.0_grid0_base_medium,11,0.0,0,medium,base,base,4,10,14,6,4,1,1,1,10,10,10,0,1.0,1.0,0.0,1.0,20.3,0.8423645320197044,0.8,0.8623188405797102,0.7402813390313391,0.5283240865842521,0.7916666666666666,0.3044006788290918,0.6695957264204969,0.17416752572917094,0.44173208526017527,0.21208388326661806,0.0561026936026936,0.8423645320197044,203,1.3,7.2,5.9,5.9,8.7,4.4,4.0,2.2,3.1,2.2,0.3,0.1
size11_comp0.0_grid1_base_medium,11,0.0,1,medium,base,base,7,10,17,3,7,1,1,1,10,10,10,0,1.0,1.0,0.0,1.0,24.8,0.8346774193548387,0.8165137614678899,0.8489208633093526,0.7070004304043576,0.9896134945560537,0.7941176470588235,0.2972774534287841,0.7641681728087454,0.12505680088258692,0.6506931268795768,0.18520818923378643,0.09786518268352179,0.8346774193548387,248,3.0,5.8,7.9,7.9,10.9,3.9,4.5,4.1,8.7,4.1,0.8,0.2
size11_comp0.0_grid2_base_medium,11,0.0,2,medium,base,base,4,10,14,6,4,1,1,1,10,10,10,0,1.0,1.0,0.0,1.0,23.1,0.7748917748917749,0.8333333333333334,0.7543859649122807,0.6239673229807837,1.0866619271612616,0.7,0.3639652224947454,0.28092613636318214,0.35900654801878135,1.038434301475786,0.196081367992568,0.24739214489214484,0.7748917748917749,231,3.4,6.1,7.8,5.8,8.1,5.2,5.1,3.7,8.4,3.3,1.2,1.3
size11_comp0.0_grid3_base_medium,11,0.0,3,medium,base,base,10,3,13,9,2,1,1,1,10,8,8,2,0.8,0.8,0.2,0.8,13.4,0.9402985074626866,0.9351851851851852,0.9615384615384616,0.7333333333333334,0.5184732258331745,0.6666666666666666,0.19695027549436717,0.49312099473248494,0.20197643332785636,0.45058854607433874,0.09884758015917573,0.10558506308506312,0.9402985074626866,134,7.3,0.3,3.9,1.9,6.2,2.4,3.0,0.8,0.9,0.8,0.4,0.0
size11_comp0.0_grid4_base_medium,11,0.0,4,medium,base,base,11,3,14,12,1,1,1,1,10,10,10,0,1.0,1.0,0.0,1.0,23.6,0.7966101694915254,0.7777777777777778,0.8947368421052632,0.632550505050505,0.8992647527980829,0.8181818181818182,0.21484944529331426,0.8913024385744661,0.20213398180183784,0.5222805058853657,0.11597023597427555,0.24073174300447028,0.7966101694915254,236,4.6,8.6,9.2,1.2,6.5,5.6,6.5,4.0,5.7,4.0,0.4,0.0
size11_comp0.0_grid5_base_medium,11,0.0,5,medium,base,base,8,4,12,4,4,1,1,1,10,6,6,4,0.6,0.6,0.4,0.6,13.4,0.8134328358208955,0.8333333333333334,0.7631578947368421,0.391015037593985,0.8956660163533074,0.6451612903225806,0.3423193321205466,0.5992574523304268,0.2032229371747361,0.6449112952330969,0.1931626432198038,0.26230856956663406,0.8134328358208955,134,3.1,1.7,2.8,5.8,4.9,2.8,3.0,1.7,3.2,1.7,0.5,0.4
size11_comp0.0_grid6_base_medium,11,0.0,6,medium,base,base,6,10,16,4,6,1,1,1,10,10,10,0,1.0,1.0,0.0,1.0,24.4,0.8278688524590164,0.8571428571428571,0.8125,0.6933776509008707,0.9438012082290658,0.8055555555555556,0.298157693904208,0.5241317752393038,0.20140637560401306,0.7682521683893131,0.20278351409414608,0.22875011461967978,0.8278688524590164,244,3.2,7.2,7.0,7.0,8.6,5.1,5.7,4.0,7.5,4.0,1.4,0.0
size11_comp0.0_grid7_base_medium,11,0.0,7,medium,base,base,9,4,13,13,0,1,1,1,10,10,10,0,1.0,1.0,0.0,1.0,16.4,0.8902439024390244,0.8688524590163934,0.9523809523809523,0.8085507887365473,0.444574941840214,0.8461538461538461,0.2618465930606802,0.39276361717346603,0.2650313895458851,0.2197484934607567,0.02350824717113471,0.12576590076590077,0.8902439024390244,164,8.5,0.3,6.3,1.3,9.3,2.6,2.0,1.5,1.9,1.5,0.4,0.2
size11_comp0.0_grid8_base_medium,11,0.0,8,medium,base,base,7,11,18,4,7,1,1,1,10,10,10,0,1.0,1.0,0.0,1.0,19.6,0.9183673469387755,0.8974358974358975,0.9322033898305084,0.9213533834586466,0.7958176035500082,0.8,0.4198908170161694,0.571955691137699,0.09096327958709811,0.29385956808606467,0.18566090723137818,0.08208375473855349,0.9183673469387755,196,2.8,3.0,5.0,8.8,10.8,3.3,3.7,0.8,4.8,0.8,0.8,1.6
size11_comp0.0_grid9_base_medium,11,0.0,9,medium,base,base,5,4,9,5,2,1,1,1,10,10,10,0,1.0,1.0,0.0,1.0,13.3,0.8270676691729323,0.7752808988764045,0.9318181818181818,0.7001439736733854,1.0330202471693464,0.6666666666666666,0.2745421284879208,0.8869486388974819,0.14006615844930456,0.5109119520370274,0.06559057214186223,0.1383557800224467,0.8270676691729323,133,4.7,2.7,4.6,1.3,3.8,2.8,3.7,2.0,2.7,2.0,0.6,0.3
size11_comp0.2_grid0_base_medium,11,0.2,0,medium,base,base,4,7,11,5,3,1,1,1,10,10,10,0,1.0,1.0,0.0,1.0,14.3,0.8741258741258742,0.9347826086956522,0.845360824742268,0.8306117216117215,0.6258871936969846,0.5862068965517241,0.27969867653768443,0.3228573852254234,0.09888005418186661,0.572878749562022,0.19916397294034657,0.13791419308660688,0.8741258741258742,143,5.8,1.6,3.0,3.9,6.3,3.5,2.3,1.2,2.2,1.2,0.3,0.3
size11_comp0.2_grid1_base_medium,11,0.2,1,medium,base,base,4,7,11,7,2,1,1,1,10,10,10,0,1.0,1.0,0.0,1.0,17.5,0.8,0.9333333333333333,0.7538461538461538,0.6768718430692114,0.8341125682886361,0.43478260869565216,0.3142221023011278,0.3448242942147662,0.07815333960653299,0.8021135721404514,0.2584657739435017,0.21984977265297628,0.8,175,2.5,5.6,6.7,2.7,5.3,4.7,2.9,3.6,6.0,3.4,0.7,0.5
size11_comp0.2_grid2_base_medium,11,0.2,2,medium,base,base,7,7,14,4,5,1,1,1,10,10,10,0,1.0,1.0,0.0,1.0,16.2,0.9320987654320988,0.9166666666666666,0.9487179487179487,0.8783333333333333,0.6593038633383237,0.5757575757575758,0.41881568264999225,0.546961298086376,0.13714733693650819,0.24171735511999645,0.14274355362979355,0.14484655273425326,0.9320987654320988,162,4.4,2.4,3.7,5.7,8.2,2.8,3.0,1.2,2.3,1.2,0.8,0.0
size11_comp0.2_grid3_base_medium,11,0.2,3,medium,base,base,4,7,11,11,0,1,1,1,10,10,10,0,1.0,1.0,0.0,1.0,23.0,0.7217391304347827,0.6666666666666666,0.7633587786259542,0.5203232169532394,0.7867956349968549,0.6486486486486487,0.25094544628868926,0.6994279390820766,0.38483655017152657,0.8184458336942708,0.1472838811313469,0.16883753501400559,0.7217391304347827,230,2.7,9.0,8.0,3.3,6.8,6.5,3.9,4.8,7.2,4.6,0.9,0.8
size11_comp0.2_grid4_base_medium,11,0.2,4,medium,base,base,3,5,8,4,2,1,1,1,10,10,10,0,1.0,1.0,0.0,1.0,13.0,0.7846153846153846,0.9142857142857143,0.7368421052631579,0.6555743430975629,0.7881096013585244,0.4666666666666667,0.29396796046908946,0.2512372150473069,0.08942005165617176,0.7771341441855044,0.22315658991682077,0.2053263729734318,0.7846153846153846,130,4.6,3.4,4.0,1.0,5.0,2.6,2.3,2.1,3.4,2.0,1.6,0.6
size11_comp0.2_grid5_base_medium,11,0.2,5,medium,base,base,7,6,13,9,5,1,1,1,10,10,10,0,1.0,1.0,0.0,1.0,15.7,0.8598726114649682,0.8333333333333334,0.8904109589041096,0.8570634920634921,0.5374514726652543,0.5217391304347826,0.24584645608883746,0.5538120697837585,0.08411296908942377,0.4790269143486743,0.1599165661904768,0.12196523283479807,0.8598726114649682,157,7.1,2.4,1.8,4.4,8.2,2.4,3.8,0.3,2.1,0.3,0.1,1.7
size11_comp0.2_grid6_base_medium,11,0.2,6,medium,base,base,15,9,24,-1,-1,1,1,1,7,7,7,0,1.0,1.0,0.0,1.0,35.857142857142854,0.8207171314741036,0.8113207547169812,0.8369565217391305,0.6915453404787204,0.985247094216281,0.6444444444444445,0.414780334434841,0.6576315667051066,0.21864637605356488,0.8354718706391097,0.17735804377075493,0.1416261516261516,0.8207171314741036,251,8.142857142857142,9.571428571428571,11.285714285714286,6.857142857142857,10.857142857142858,8.285714285714286,9.285714285714286,6.428571428571429,11.0,6.142857142857143,0.5714285714285714,1.0
size11_comp0.2_grid7_base_medium,11,0.2,7,medium,base,base,5,9,14,6,4,1,1,1,10,10,10,0,1.0,1.0,0.0,1.0,20.7,0.8260869565217391,0.875,0.8041958041958042,0.7055989044501262,0.45984636117344624,0.6170212765957447,0.32835551084068065,0.44406551316477644,0.13416792049060006,0.4017233070449189,0.26005083554816716,0.0811382193109352,0.8260869565217391,207,7.7,2.7,5.6,4.7,8.5,4.0,4.8,2.4,3.4,2.1,0.3,0.5
size11_comp0.2_grid8_base_medium,11,0.2,8,medium,base,base,3,9,12,8,3,1,1,1,10,10,10,0,1.0,1.0,0.0,1.0,15.4,0.8831168831168831,0.8,0.9230769230769231,0.8265714285714285,0.4895823836364307,0.5,0.19537988469018955,0.34455730260561784,0.123376981774,0.5475924160487559,0.08166954167079096,0.11521078128220985,0.8831168831168831,154,4.0,2.8,7.8,0.8,5.4,2.9,4.2,1.9,2.1,1.9,0.1,0.2
size11_comp0.2_grid9_base_medium,11,0.2,9,medium,base,base,7,9,16,6,5,1,1,1,10,10,10,0,1.0,1.0,0.0,1.0,25.1,0.7888446215139442,0.8155339805825242,0.7702702702702703,0.7033307478337905,0.7690821548503924,0.6444444444444445,0.31225657112825284,0.5633938865067989,0.1781456483955343,0.48938938743001,0.2641372079355589,0.08674322409616528,0.7888446215139442,251,5.5,6.9,8.3,4.4,10.6,5.7,4.6,3.2,7.8,2.9,0.6,1.5
size11_comp0.4_grid0_base_medium,11,0.4,0,medium,base,base,5,10,15,7,4,1,1,1,10,10,10,0,1.0,1.0,0.0,1.0,21.6,0.8333333333333334,0.8266666666666667,0.8368794326241135,0.7156542037104697,0.6933103632292398,0.41379310344827586,0.2235966834895778,0.5991970458539334,0.1283340433563747,0.5450399024588769,0.16929106616961467,0.12100265634748396,0.8333333333333334,216,5.7,5.7,2.6,7.6,7.6,5.4,3.6,4.0,6.5,3.8,1.0,0.6
size11_comp0.4_grid1_base_medium,11,0.4,1,medium,base,base,7,5,12,4,4,1,1,1,10,10,10,0,1.0,1.0,0.0,1.0,15.2,0.8881578947368421,0.8571428571428571,0.9444444444444444,0.8228787878787879,0.78181192575953,0.5789473684210527,0.3338975790431686,0.6248678291983245,0.16453258807336307,0.22902208287631654,0.025254402272280995,0.16277859567333253,0.8881578947368421,152,0.9,3.9,4.7,5.7,8.2,1.4,2.0,2.6,5.3,2.6,1.1,0.2
size11_comp0.4_grid2_base_medium,11,0.4,2,medium,base,base,15,4,19,11,4,1,1,1,8,8,8,0,1.0,1.0,0.0,1.0,29.625,0.7932489451476793,0.7647058823529411,0.9696969696969697,0.6576284568884088,0.7669998817889977,0.4772727272727273,0.35652218417299375,0.7496234672579133,0.22847375851874827,0.12581458369391144,0.014478565440625573,0.07868583436765252,0.7932489451476793,237,3.0,9.625,10.125,6.375,10.0,5.625,6.375,5.625,8.625,5.125,1.0,1.125
size11_comp0.4_grid3_base_medium,11,0.4,3,medium,base,base,3,6,9,3,3,1,1,1,10,10,10,0,1.0,1.0,0.0,1.0,13.3,0.8270676691729323,0.7843137254901961,0.8536585365853658,0.7073929746723865,0.9633846578445421,0.4824919644402477,0.35039415959301456,0.8108992829180889,0.18760248457246156,0.5651131324186439,0.1695697557714268,0.26657770800627945,0.8270676691729323,133,5.9,3.9,1.2,2.3,5.2,1.9,2.9,2.3,4.9,2.2,0.6,0.3
size11_comp0.4_grid4_base_medium,11,0.4,4,medium,base,base,9,3,12,8,3,1,1,1,10,10,10,0,1.0,1.0,0.0,1.0,18.6,0.7634408602150538,0.7744360902255639,0.7358490566037735,0.6682139429198253,0.6515512916775709,0.521610483917494,0.28012518200976316,0.584585891865769,0.1505363189228313,0.8228315612223582,0.1492511166383687,0.09871401000433257,0.7634408602150538,186,5.5,6.0,6.1,1.0,7.9,4.5,3.6,1.6,4.5,1.6,0.7,2.2
size11_comp0.4_grid5_base_medium,11,0.4,5,medium,base,base,6,11,17,7,5,1,1,1,8,8,8,0,1.0,1.0,0.0,1.0,30.25,0.7231404958677686,0.6484375,0.8070175438596491,0.5884496814545903,0.9561912291994482,0.6756756756756757,0.3804672406744306,0.7617310774515376,0.29435487220598644,0.49046252254897194,0.16081785915091687,0.15896376817429453,0.7231404958677686,242,9.625,6.25,9.5,4.875,10.625,8.125,6.25,4.25,12.375,4.125,0.875,3.5
size11_comp0.4_grid6_base_medium,11,0.4,6,medium,base,base,12,3,15,11,2,1,1,1,10,10,10,0,1.0,1.0,0.0,1.0,25.9,0.7606177606177607,0.73568281938326,0.9375,0.5998705838987168,0.7141071120405172,0.37142857142857144,0.21278504543907287,0.6739107427150826,0.1817820809096518,0.29299799128100895,0.031344329561512944,0.14206141197737837,0.7606177606177607,259,8.1,5.3,1.9,10.1,8.6,5.0,5.2,5.4,8.2,5.3,0.3,1.0
size11_comp0.4_grid7_base_medium,11,0.4,7,medium,base,base,5,7,12,4,4,1,1,1,10,10,10,0,1.0,1.0,0.0,1.0,16.5,0.8484848484848485,0.9310344827586207,0.8037383177570093,0.747027848312678,0.5214131359571517,0.5357142857142857,0.3865649055254368,0.23200167440401975,0.1723687731336509,0.4934259103543372,0.13568377110124194,0.09597575044003614,0.8484848484848485,165,4.2,6.1,1.9,4.3,7.2,3.2,2.9,2.2,3.0,2.1,0.5,0.5
size11_comp0.4_grid8_base_medium,11,0.4,8,medium,base,base,10,7,17,9,5,1,1,1,10,10,10,0,1.0,1.0,0.0,1.0,23.0,0.808695652173913,0.7945205479452054,0.8333333333333334,0.7590408377468243,0.7864338919400564,0.4473684210526316,0.2891283705425189,0.6994492503172833,0.16808283254733838,0.4854798990607751,0.09962263123484928,0.13316865882655357,0.808695652173913,230,6.9,5.3,9.7,1.1,10.6,5.4,3.9,2.1,4.9,1.7,0.5,2.8
size11_comp0.4_grid9_base_medium,11,0.4,9,medium,base,base,5,4,9,5,2,1,1,1,10,10,10,0,1.0,1.0,0.0,1.0,13.3,0.8195488721804511,0.8870967741935484,0.7605633802816901,0.7291062484426329,0.6243657554779125,0.5,0.3378785260455969,0.2509111397868296,0.14277327363019923,0.5127886375159334,0.2898910375573953,0.15888382450882452,0.8195488721804511,133,5.9,2.7,3.5,1.2,6.7,1.3,1.9,2.4,4.7,2.4,1.4,0.5
size11_comp0.6_grid0_base_medium,11,0.6,0,medium,base,base,5,9,14,6,4,1,1,1,10,8,8,0,0.8,0.8,0.0,0.8,19.2,0.7604166666666666,0.7945205479452054,0.7394957983193278,0.5889738677669711,0.5085101433443061,0.3225806451612903,0.31641707277349035,0.25994654773548775,0.303530510847159,0.7592506091148149,0.13203258888554947,0.054259340906613246,0.7604166666666666,192,7.3,5.5,4.1,2.3,7.6,2.7,4.4,3.5,8.4,3.4,2.3,2.2
size11_comp0.6_grid1_base_medium,11,0.6,1,medium,base,base,9,10,19,-1,-1,1,1,1,8,4,4,0,0.5,0.5,0.0,0.5,30.125,0.6058091286307054,0.5580110497237569,0.75,0.29997599846390166,0.7679381587078159,0.21052631578947367,0.5350853483746066,0.5205744776541675,0.25108026025388447,0.6086571391682786,0.1305927597849428,0.13535353535353536,0.6058091286307054,241,7.125,8.625,8.125,6.125,14.375,5.75,5.375,3.375,11.75,3.375,0.875,4.25
size11_comp0.6_grid2_base_medium,11,0.6,2,medium,base,base,4,9,13,13,0,1,1,1,10,10,10,0,1.0,1.0,0.0,1.0,15.3,0.9084967320261438,0.9761904761904762,0.8828828828828829,0.8699603174603174,0.3384627889248388,0.3333333333333333,0.12955408959323525,0.3602607695465178,0.021833207642672728,0.331196795384279,0.14816782110680426,0.1069423631923632,0.9084967320261438,153,0.5,6.8,0.5,7.5,7.2,3.1,2.9,1.1,1.5,1.0,0.0,0.5
size11_comp0.6_grid3_base_medium,11,0.6,3,medium,base,base,6,7,13,5,4,1,1,1,10,0,0,0,0.0,0.0,0.0,0.0,33.2,0.3102409638554217,0.3102409638554217,0.0,0.0,0.9144899535548142,0.33899750004807705,0.4212654576648992,0.9144899535548142,0.5395054968210669,0.0,0.0,0.1856772718564346,0.3102409638554217,332,8.2,10.6,7.7,6.3,11.2,7.6,8.4,4.2,13.8,3.8,2.0,6.8
size11_comp0.6_grid4_base_medium,11,0.6,4,medium,base,base,10,3,13,9,2,1,1,1,10,10,10,0,1.0,1.0,0.0,1.0,14.1,0.950354609929078,0.9532710280373832,0.9411764705882353,0.9324649859943979,0.4907874737640528,0.42857142857142855,0.14782687607694311,0.39130663305209046,0.05376402269634767,0.1731713234914447,0.08175117871222505,0.20462538018928997,0.950354609929078,141,2.4,6.3,0.2,5.2,6.1,2.1,3.5,1.4,2.5,1.3,0.9,0.3
size11_comp0.6_grid5_base_medium,11,0.6,5,medium,base,base,3,7,10,6,2,1,1,1,10,10,10,0,1.0,1.0,0.0,1.0,11.4,0.9122807017543859,0.9090909090909091,0.9135802469135802,0.9025252525252526,0.710719739818286,0.25,0.14097610337693114,0.43949698692151334,0.04701649434226942,0.5623188997381994,0.09586796668812321,0.12947900053163208,0.9122807017543859,114,0.5,4.2,3.2,3.5,4.8,2.4,2.3,0.9,2.5,0.9,0.6,0.6
size11_comp0.6_grid6_base_medium,11,0.6,6,medium,base,base,9,6,15,13,1,1,1,1,8,5,5,0,0.625,0.625,0.0,0.625,23.375,0.5240641711229946,0.43790849673202614,0.9117647058823529,0.4946691176470588,0.60271010175723,0.26666666666666666,0.23655485429767292,0.6337628310971001,0.37402175922048175,0.2404862988618575,0.11265194594608309,0.07289762706429372,0.5240641711229946,187,2.625,7.375,3.125,10.25,8.5,4.75,4.5,4.625,9.125,4.25,0.25,4.875
size11_comp0.6_grid7_base_medium,11,0.6,7,medium,base,base,6,4,10,10,0,1,1,1,10,10,10,0,1.0,1.0,0.0,1.0,14.8,0.8040540540540541,0.7450980392156863,0.9347826086956522,0.7064005439005439,0.5426400390035775,0.2727272727272727,0.11424174669667088,0.8510613564742266,0.1526466274393392,0.17464960458341114,0.07009903725033405,0.16308558865377046,0.8040540540540541,148,5.2,1.7,1.8,6.1,5.6,2.0,4.4,1.8,3.2,1.5,0.3,1.0
size11_comp0.6_grid8_base_medium,11,0.6,8,medium,base,base,3,8,11,11,0,1,1,1,10,0,0,0,0.0,0.0,0.0,0.0,18.2,0.32967032967032966,0.32967032967032966,0.0,0.0,0.7417699127311326,0.3157894736842105,0.41731304512775375,0.7417699127311326,0.6540945617249938,0.0,0.0,0.2604338948088948,0.32967032967032966,182,3.7,4.8,0.4,9.2,7.0,3.3,3.8,2.9,5.1,2.5,0.7,3.9
size11_comp0.6_grid9_base_medium,11,0.6,9,medium,base,base,3,4,7,5,1,1,1,1,10,10,10,0,1.0,1.0,0.0,1.0,8.4,0.8928571428571429,0.9117647058823529,0.88,0.8516919191919191,0.559589712387035,0.16666666666666666,0.1512647948885749,0.4101686462062182,0.043926502386941714,0.47967241602495925,0.060848271862160776,0.17324330259112866,0.8928571428571429,84,2.5,2.4,3.3,0.2,1.1,2.2,2.3,1.8,2.4,1.7,1.8,0.4
size7_comp0.0_grid0_base_medium,7,0.0,0,medium,base,base,7,3,10,6,2,1,1,1,10,10,10,0,1.0,1.0,0.0,1.0,11.4,0.9210526315789473,0.9259259259259259,0.9090909090909091,0.8844988344988345,0.5789500063493307,0.7,0.32018458821832174,0.5150481563138842,0.16567897827497396,0.563260306215421,0.031851877257387036,0.16152236652236654,0.9210526315789473,114,4.1,2.1,0.5,4.7,4.8,1.7,3.2,0.7,1.0,0.6,0.0,0.4
size7_comp0.0_grid1_base_medium,7,0.0,1,medium,base,base,4,5,9,3,3,1,1,1,10,10,10,0,1.0,1.0,0.0,1.0,10.7,0.9065420560747663,0.9166666666666666,0.8983050847457628,0.8515034965034965,0.7121273119888316,0.6428571428571429,0.4176050399552103,0.38086048344533074,0.13159750183148097,0.6312804404887502,0.23321754089378266,0.2528499278499278,0.9065420560747663,107,3.5,1.5,3.5,2.2,3.2,2.3,3.3,0.9,1.6,0.9,0.6,0.3
size7_comp0.0_grid2_base_medium,7,0.0,2,medium,base,base,4,5,9,3,3,1,1,1,10,10,10,0,1.0,1.0,0.0,1.0,10.8,0.9074074074074074,0.9347826086956522,0.8870967741935484,0.8609353146853147,0.5921258469601269,0.6666666666666666,0.43118458767964135,0.31385973073062184,0.17421076688711534,0.5341909212510568,0.27076558456602734,0.17924963924963924,0.9074074074074074,108,3.6,1.6,3.4,2.2,3.9,1.4,3.5,1.0,1.2,1.0,0.1,0.2
size7_comp0.0_grid3_base_medium,7,0.0,3,medium,base,base,4,3,7,5,1,1,1,1,10,10,10,0,1.0,1.0,0.0,1.0,10.3,0.8252427184466019,0.9302325581395349,0.75,0.759878193701723,0.9938699701604226,0.6153846153846154,0.21069041781751932,0.6137044914679122,0.03623433367151566,0.6883709242384601,0.22129892949969987,0.31085730508807424,0.8252427184466019,103,1.5,4.5,3.0,1.3,3.8,2.0,1.9,1.6,2.4,1.6,0.6,0.3
size7_comp0.0_grid4_base_medium,7,0.0,4,medium,base,base,3,4,7,5,1,1,1,1,10,10,10,0,1.0,1.0,0.0,1.0,7.7,0.948051948051948,0.9166666666666666,0.975609756097561,0.9255555555555557,0.4721239517302776,0.7272727272727273,0.254909263898556,0.48892487016978653,0.11611251287792712,0.24591871052342876,0.10872210679749988,0.15058607465024582,0.948051948051948,77,3.4,1.3,3.0,0.0,2.5,2.0,1.2,1.0,1.1,1.0,0.7,0.1
size7_comp0.0_grid5_base_medium,7,0.0,5,medium,base,base,4,3,7,5,1,1,1,1,10,10,10,0,1.0,1.0,0.0,1.0,8.8,0.8977272727272727,0.8846153846153846,0.9166666666666666,0.8491064491064492,0.6333459634206892,0.6666666666666666,0.28742132105226254,0.6834772873379937,0.11316915304379883,0.4550279911177315,0.14011798052042862,0.1819360269360269,0.8977272727272727,88,0.3,4.3,1.6,2.6,2.8,2.8,1.4,0.8,1.0,0.8,0.1,0.0
size7_comp0.0_grid6_base_medium,7,0.0,6,medium,base,base,6,3,9,3,3,1,1,1,10,9,9,1,0.9,0.9,0.1,0.9,9.4,0.9468085106382979,0.9523809523809523,0.9354838709677419,0.8146853146853147,0.7465117341917538,0.5714285714285714,0.3276724632511005,0.4014389661354212,0.12358769444381806,0.3108267612196667,0.1542794196377341,0.2720238095238095,0.9468085106382979,94,2.0,3.0,1.2,3.2,3.1,2.4,2.0,0.9,1.3,0.9,0.5,0.0
size7_comp0.0_grid7_base_medium,7,0.0,7,medium,base,base,4,3,7,5,1,1,1,1,10,10,10,0,1.0,1.0,0.0,1.0,9.2,0.8586956521739131,0.8571428571428571,0.8611111111111112,0.8044949494949496,0.728921417722239,0.6428571428571429,0.35134115562283974,0.594042001080049,0.1444927274781513,0.5442212248390774,0.07208745779501435,0.15306360306360303,0.8586956521739131,92,3.8,1.8,3.5,0.1,3.5,1.2,2.8,0.7,1.7,0.7,0.6,0.4
size7_comp0.0_grid8_base_medium,7,0.0,8,medium,base,base,3,4,7,7,0,1,1,1,10,10,10,0,1.0,1.0,0.0,1.0,11.1,0.7927927927927928,0.8571428571428571,0.7631578947368421,0.6737263321473848,0.7193823674116488,0.5882352941176471,0.1993478495996636,0.4342058518293815,0.0690429962137604,0.6851240179241022,0.19076166714171705,0.1899414311179017,0.7927927927927928,111,1.6,4.6,4.2,0.7,4.2,2.2,2.8,0.9,1.7,0.9,0.2,0.5
size7_comp0.0_grid9_base_medium,7,0.0,9,medium,base,base,3,3,6,4,1,1,1,1,10,10,10,0,1.0,1.0,0.0,1.0,6.5,0.9538461538461539,0.9411764705882353,0.967741935483871,0.9416666666666667,0.6096587850151303,0.6,0.25345599341740144,0.5257839681314262,0.07912799590019595,0.22712314512769866,0.12142682152244702,0.2036471861471862,0.9538461538461539,65,3.2,0.2,2.1,1.0,1.7,1.1,2.7,0.0,0.3,0.0,0.2,0.1
size7_comp0.2_grid0_base_medium,7,0.2,0,medium,base,base,3,6,9,5,2,1,1,1,10,10,10,0,1.0,1.0,0.0,1.0,12.8,0.7890625,0.9090909090909091,0.7473684210526316,0.7173676323676323,0.9537711123132732,0.29785178581730803,0.19946247207971177,0.39813275403745907,0.07282184147007847,0.8003726131233728,0.15637493165083266,0.21139455782312927,0.7890625,128,3.5,3.0,4.9,1.4,4.5,2.8,3.3,1.2,4.1,1.2,1.5,1.6
size7_comp0.2_grid1_base_medium,7,0.2,1,medium,base,base,3,4,7,3,2,1,1,1,10,10,10,0,1.0,1.0,0.0,1.0,11.9,0.7394957983193278,0.875,0.6708860759493671,0.6708031723888501,1.0260529848831803,0.5,0.35488262405217463,0.48436808281414806,0.08931764962671922,1.237601696846203,0.19835504839386012,0.27642379014482843,0.7394957983193278,119,1.8,2.7,3.1,4.3,3.6,2.8,1.9,2.6,5.9,2.3,2.6,1.3
size7_comp0.2_grid2_base_medium,7,0.2,2,medium,base,base,6,3,9,5,3,1,1,1,10,10,10,0,1.0,1.0,0.0,1.0,11.1,0.8738738738738738,0.9253731343283582,0.7954545454545454,0.8315584415584416,0.7329172503927696,0.4,0.2938717683489323,0.6119583223408077,0.05260838064879103,0.634527070869088,0.09473156967510692,0.14562049062049062,0.8738738738738738,111,2.2,3.3,0.9,4.7,3.5,3.4,2.1,1.1,2.1,1.1,0.8,0.7
size7_comp0.2_grid3_base_medium,7,0.2,3,medium,base,base,7,4,11,3,4,1,1,1,10,10,10,0,1.0,1.0,0.0,1.0,14.8,0.8513513513513513,0.8494623655913979,0.8545454545454545,0.7642750305250305,0.8934280953493772,0.4117647058823529,0.32720775213737985,0.6865283892611026,0.18164128353897555,0.5375905932480308,0.11037469470471066,0.1005269240563358,0.8513513513513513,148,3.3,4.4,2.5,4.6,4.3,3.2,4.2,2.1,3.4,2.0,0.3,0.6
size7_comp0.2_grid4_base_medium,7,0.2,4,medium,base,base,4,5,9,5,2,1,1,1,10,10,10,0,1.0,1.0,0.0,1.0,10.7,0.9158878504672897,0.9,0.9298245614035088,0.8772727272727273,0.6178011168287291,0.5394073530260184,0.17085797536571265,0.569935062626838,0.10480792248073315,0.39061293662982755,0.13315706440205632,0.14863763687293102,0.9158878504672897,107,3.4,3.4,3.5,0.4,3.1,3.0,2.5,1.1,1.6,1.1,0.6,0.1
size7_comp0.2_grid5_base_medium,7,0.2,5,medium,base,base,6,5,11,3,4,1,1,1,10,10,10,0,1.0,1.0,0.0,1.0,14.1,0.8652482269503546,0.85,0.8852459016393442,0.8033250736191914,0.9276055372412065,0.6,0.28876703768520046,0.8175946800996055,0.10900145214464332,0.42548324234769813,0.08136995601607944,0.2640476190476191,0.8652482269503546,141,4.7,3.5,3.9,2.0,4.3,3.2,3.5,2.1,4.5,1.9,1.2,0.7
size7_comp0.2_grid6_base_medium,7,0.2,6,medium,base,base,3,3,6,4,1,1,1,1,10,10,10,0,1.0,1.0,0.0,1.0,8.0,0.8625,0.8260869565217391,0.9117647058823529,0.8023809523809524,0.5832091064638484,0.3333333333333333,0.20096014483767066,0.6315016048147618,0.1626780206666073,0.27237985214246685,0.03395553345543148,0.20346690346690344,0.8625,80,1.7,1.7,0.2,4.4,1.9,1.3,2.9,0.9,1.4,0.9,0.2,0.2
size7_comp0.2_grid7_base_medium,7,0.2,7,medium,base,base,6,3,9,3,3,1,1,1,10,9,9,1,0.9,0.9,0.1,0.9,9.1,0.9230769230769231,0.890625,1.0,0.8392307692307692,0.5181838603423116,0.38461538461538464,0.4385725570764001,0.43186719941481627,0.07155598370517524,0.0,0.0,0.24995421245421245,0.9230769230769231,91,2.6,0.9,3.8,1.8,4.4,1.2,1.8,0.7,2.1,0.7,0.7,0.7
size7_comp0.2_grid8_base_medium,7,0.2,8,medium,base,base,3,3,6,6,0,1,1,1,10,10,10,0,1.0,1.0,0.0,1.0,8.6,0.8372093023255814,0.8043478260869565,0.875,0.7628205128205128,0.7283649064650287,0.5,0.09789403462837713,0.7246588559504525,0.11024059509825339,0.5473068024883565,0.0857087452422224,0.21626984126984125,0.8372093023255814,86,0.9,2.9,4.3,0.5,2.7,1.1,2.7,1.1,1.5,1.0,0.1,0.2
size7_comp0.2_grid9_base_medium,7,0.2,9,medium,base,base,7,3,10,4,3,1,1,1,10,10,10,0,1.0,1.0,0.0,1.0,11.8,0.8983050847457628,0.9230769230769231,0.85,0.86991341991342,0.6313643237677103,0.47619047619047616,0.32076587960995684,0.4645246581330298,0.11406047579683454,0.7220299024635777,0.135860865972196,0.10981392557022811,0.8983050847457628,118,4.5,0.5,3.4,3.4,4.9,2.4,2.6,0.9,2.5,0.8,1.1,0.6
size7_comp0.4_grid0_base_medium,7,0.4,0,medium,base,base,5,4,9,3,4,1,1,1,10,10,10,0,1.0,1.0,0.0,1.0,13.2,0.8181818181818182,0.9454545454545454,0.7272727272727273,0.7947025401069518,0.848401117853104,0.25,0.22300674406825516,0.30336220322293644,0.06511034112905638,0.7154173587211043,0.2628570590916645,0.1378400711924739,0.8181818181818182,132,3.5,5.1,2.8,1.8,5.5,2.2,2.1,2.4,5.4,2.3,1.0,0.6
size7_comp0.4_grid1_base_medium,7,0.4,1,medium,base,base,3,6,9,3,3,1,1,1,10,10,10,0,1.0,1.0,0.0,1.0,12.3,0.8130081300813008,0.8947368421052632,0.7764705882352941,0.7690259740259741,0.675002217806975,0.21428571428571427,0.24990707254081918,0.20805757181356102,0.0815748826903089,0.6136045007807559,0.111571824432949,0.1278416028416028,0.8130081300813008,123,3.6,4.5,0.5,3.7,5.7,1.5,2.4,1.7,3.7,1.7,0.9,1.3
size7_comp0.4_grid2_base_medium,7,0.4,2,medium,base,base,3,4,7,3,2,1,1,1,10,10,10,0,1.0,1.0,0.0,1.0,9.4,0.8617021276595744,0.8717948717948718,0.8545454545454545,0.7791491841491841,0.673210339821674,0.3333333333333333,0.3100489101609089,0.5453770713562485,0.08822070688966674,0.37976340159073024,0.07594044635786809,0.18801684426684426,0.8617021276595744,94,2.1,2.3,1.0,4.0,3.0,2.1,2.0,1.3,2.1,1.2,0.9,0.2
size7_comp0.4_grid3_base_medium,7,0.4,3,medium,base,base,5,7,12,6,3,1,1,1,10,10,10,0,1.0,1.0,0.0,1.0,17.5,0.7942857142857143,0.7941176470588235,0.794392523364486,0.7145663624301395,0.9735457883641276,0.38461538461538464,0.2591263131407374,0.8398482598324154,0.10403252190167778,0.7035566983719218,0.1373235156643428,0.15726606726606726,0.7942857142857143,175,6.1,3.3,2.7,5.4,5.2,3.4,4.3,3.6,7.2,3.6,1.4,1.7
size7_comp0.4_grid4_base_medium,7,0.4,4,medium,base,base,3,6,9,5,3,1,1,1,10,10,10,0,1.0,1.0,0.0,1.0,12.2,0.7950819672131147,0.8409090909090909,0.7692307692307693,0.7746853146853148,0.6021802980165586,0.4166666666666667,0.38979174929623256,0.47368079579878825,0.1032344260088467,0.7306798002343289,0.12262121108671925,0.21028138528138526,0.7950819672131147,122,5.0,2.4,4.5,0.3,5.3,1.5,3.6,0.8,2.7,0.8,0.4,1.8
size7_comp0.4_grid5_base_medium,7,0.4,5,medium,base,base,5,4,9,3,3,1,1,1,10,10,10,0,1.0,1.0,0.0,1.0,11.1,0.8918918918918919,0.9032258064516129,0.8775510204081632,0.8225524475524475,0.6435628090053899,0.4166666666666667,0.3382127026899597,0.5446202020137383,0.09287150900904241,0.42967971803402893,0.11513384378260039,0.2512917637917638,0.8918918918918919,111,2.7,3.5,1.4,3.5,3.8,2.5,1.9,1.9,2.6,1.9,1.4,0.3
size7_comp0.4_grid6_base_medium,7,0.4,6,medium,base,base,3,6,9,3,3,1,1,1,10,10,10,0,1.0,1.0,0.0,1.0,10.1,0.9306930693069307,0.8461538461538461,0.9838709677419355,0.9092307692307692,1.0213871052147536,0.5555555555555556,0.26451343112944464,0.5628503600990159,0.1520613431827284,0.3105977903388848,0.0947029385808576,0.12158307833365042,0.9306930693069307,101,2.3,2.1,1.4,4.3,3.5,1.9,2.5,1.2,3.3,1.0,0.7,0.3
size7_comp0.4_grid7_base_medium,7,0.4,7,medium,base,base,3,4,7,7,0,1,1,1,10,10,10,0,1.0,1.0,0.0,1.0,8.7,0.8850574712643678,0.8918918918918919,0.88,0.8258838383838384,0.3544593669970723,0.4444444444444444,0.163097619282326,0.3047117060533996,0.0433221264259186,0.36031710717920856,0.1568784624207796,0.08860398860398859,0.8850574712643678,87,3.5,0.4,0.4,4.4,3.1,1.4,2.3,0.9,1.4,0.9,0.8,0.3
size7_comp0.4_grid8_base_medium,7,0.4,8,medium,base,base,4,7,11,5,4,1,1,1,10,10,10,0,1.0,1.0,0.0,1.0,14.9,0.825503355704698,0.7894736842105263,0.8478260869565217,0.7544626460570732,0.7189281794678487,0.2857142857142857,0.3285504229229853,0.6458793114611321,0.08829429793800683,0.6861278091862102,0.12536330650531347,0.18369123044874927,0.825503355704698,149,5.0,2.6,5.3,2.0,4.8,4.9,1.8,2.4,3.6,2.2,0.6,1.3
size7_comp0.4_grid9_base_medium,7,0.4,9,medium,base,base,7,5,12,4,5,1,1,1,10,10,10,0,1.0,1.0,0.0,1.0,13.9,0.8920863309352518,0.8795180722891566,0.9107142857142857,0.8854655870445344,0.4114560261078735,0.25,0.451136456694503,0.44312680131612225,0.0916400900473303,0.34178032064972624,0.04347492002231994,0.1745823620823621,0.8920863309352518,139,4.3,2.4,2.8,4.4,6.8,1.6,4.1,0.4,1.7,0.4,0.4,1.1
size7_comp0.6_grid0_base_medium,7,0.6,0,medium,base,base,3,6,9,3,3,1,1,1,10,10,10,0,1.0,1.0,0.0,1.0,10.6,0.9150943396226415,0.875,0.9393939393939394,0.8721528471528472,0.6059551529453084,0.125,0.2677996180409648,0.3573430647351098,0.05376941271021537,0.2898113700955675,0.14263118537835104,0.09684617918313572,0.9150943396226415,106,2.3,4.2,2.5,1.6,4.0,1.6,2.3,1.7,4.1,1.7,1.1,0.2
size7_comp0.6_grid1_base_medium,7,0.6,1,medium,base,base,5,5,10,4,3,1,1,1,10,10,10,0,1.0,1.0,0.0,1.0,13.2,0.8712121212121212,0.855072463768116,0.8888888888888888,0.7784493284493285,0.8053647794368554,0.4166666666666667,0.25226227821763747,0.6740077241955537,0.0694573235478409,0.3825327122874339,0.11952367108410848,0.18800622686492252,0.8712121212121212,132,4.8,1.8,3.9,2.7,3.3,3.6,2.9,2.4,4.5,2.4,1.7,0.2
size7_comp0.6_grid2_base_medium,7,0.6,2,medium,base,base,3,3,6,6,0,1,1,1,10,10,10,0,1.0,1.0,0.0,1.0,8.1,0.8518518518518519,0.9166666666666666,0.8,0.8023809523809524,0.6218728139805458,0.4169925001442312,0.2270907506878824,0.554577404037403,0.03975451168902007,0.6062751888375798,0.167189309226345,0.22076118326118327,0.8518518518518519,81,1.9,2.0,0.0,4.2,2.3,0.8,2.9,1.1,1.5,1.1,0.9,0.3
size7_comp0.6_grid3_base_medium,7,0.6,3,medium,base,base,6,5,11,3,4,1,1,1,10,10,10,0,1.0,1.0,0.0,1.0,13.9,0.8848920863309353,0.8625,0.9152542372881356,0.8106775422719694,0.7628351236960659,0.25,0.2484647141328333,0.5621174358285428,0.07207350241046696,0.4256479389287375,0.03482785091193181,0.27754810004810004,0.8848920863309353,139,2.4,3.5,3.0,5.0,3.8,2.7,3.2,3.2,5.4,3.2,1.4,0.3
size7_comp0.6_grid4_base_medium,7,0.6,4,medium,base,base,5,5,10,4,4,1,1,1,10,10,10,0,1.0,1.0,0.0,1.0,14.5,0.8206896551724138,0.835820895522388,0.8076923076923077,0.7818084109705002,0.8458569942252955,0.23076923076923078,0.27989516651472895,0.525117557766023,0.1252512882103949,0.8815298296864678,0.11293157882494896,0.1294153558859441,0.8206896551724138,145,4.9,3.1,4.2,2.3,3.6,3.8,2.8,3.3,4.8,2.9,1.3,0.7
size7_comp0.6_grid5_base_medium,7,0.6,5,medium,base,base,6,5,11,5,5,1,1,1,10,10,10,0,1.0,1.0,0.0,1.0,15.8,0.7911392405063291,0.7211538461538461,0.9259259259259259,0.7274673044421665,0.6880421812135784,0.17647058823529413,0.3525424343619703,0.5901499463884922,0.18875945364022048,0.3058032790982762,0.036567725632799065,0.1658838278215441,0.7911392405063291,158,5.9,1.5,3.6,4.8,7.4,4.1,1.4,1.9,4.2,1.8,0.1,1.8
size7_comp0.6_grid6_base_medium,7,0.6,6,medium,base,base,3,5,8,4,3,1,1,1,10,10,10,0,1.0,1.0,0.0,1.0,10.7,0.8598130841121495,0.9117647058823529,0.8356164383561644,0.7963228927934811,0.49764050244139785,0.18181818181818182,0.160366168366597,0.2478160651338572,0.031568002840351245,0.3962078437228222,0.1090069769712019,0.1449712943028451,0.8598130841121495,107,3.4,1.5,1.9,3.9,3.6,2.7,1.7,1.7,2.9,1.7,0.4,0.3
size7_comp0.6_grid7_base_medium,7,0.6,7,medium,base,base,12,3,15,9,3,1,1,1,10,0,0,6,0.0,0.0,0.6,0.0,26.0,0.5461538461538461,0.5461538461538461,0.0,0.0,1.4508320746166063,0.3125,0.28117254420366933,1.4508320746166063,0.28117254420366933,0.0,0.0,0.2029234705245734,0.5461538461538461,260,5.1,6.2,8.9,5.8,6.1,4.5,6.5,7.9,15.7,6.7,0.0,3.4
size7_comp0.6_grid8_base_medium,7,0.6,8,medium,base,base,3,4,7,7,0,1,1,1,10,10,10,0,1.0,1.0,0.0,1.0,9.3,0.8279569892473119,0.8571428571428571,0.803921568627451,0.8198863636363637,0.6818285772400272,0.41681477279283236,0.17523984110858495,0.6811606478873878,0.19507789843340578,0.5463979628857167,0.08444132789642853,0.24231576504303778,0.8279569892473119,93,0.2,3.7,2.5,2.9,3.5,3.3,1.0,0.5,1.7,0.5,0.1,0.9
size7_comp0.6_grid9_base_medium,7,0.6,9,medium,base,base,3,5,8,6,1,1,1,1,10,10,10,0,1.0,1.0,0.0,1.0,8.9,0.9213483146067416,0.8823529411764706,0.9454545454545454,0.9133333333333333,0.40023588465812787,0.25,0.11918057750228142,0.287706856188877,0.05337083143300392,0.2554724775902115,0.046428768266146205,0.13154761904761902,0.9213483146067416,89,1.0,3.0,4.2,0.7,5.0,0.9,0.6,1.4,1.8,1.3,0.9,0.5
size9_comp0.0_grid0_base_medium,9,0.0,0,medium,base,base,7,4,11,3,4,1,1,1,10,9,9,1,0.9,0.9,0.1,0.9,16.3,0.8098159509202454,0.9113924050632911,0.7142857142857143,0.5961070776488733,0.981541431978556,0.7142857142857143,0.36115465815439535,0.6713253440958384,0.13506709093398156,0.6345295484878863,0.28914988754320203,0.12230687535309381,0.8098159509202454,163,2.7,4.8,3.9,4.9,5.0,3.7,4.4,2.2,4.6,2.1,0.9,0.1
size9_comp0.0_grid1_base_medium,9,0.0,1,medium,base,base,4,3,7,5,1,1,1,1,10,10,10,0,1.0,1.0,0.0,1.0,14.5,0.7379310344827587,0.6822429906542056,0.8947368421052632,0.5238836327071621,0.892302533987167,0.75,0.27174898216885024,0.992174039330311,0.28972990952388766,0.40124039015223634,0.15149377929891253,0.24674986641898405,0.7379310344827587,145,2.7,5.6,4.1,2.1,3.0,4.9,2.4,3.2,5.3,3.2,0.9,0.1
size9_comp0.0_grid2_base_medium,9,0.0,2,medium,base,base,10,5,15,5,5,1,1,1,10,9,9,1,0.9,0.9,0.1,0.9,18.9,0.8571428571428571,0.8515625,0.8688524590163934,0.6923781240184861,0.9652464317410353,0.7575757575757576,0.30672262957603597,0.8161993120747398,0.1427501451717278,0.6091159064803549,0.17957171453739182,0.21877213695395514,0.8571428571428571,189,3.7,6.3,5.4,3.5,6.1,5.2,4.5,2.1,4.0,2.0,0.5,0.5
size9_comp0.0_grid3_base_medium,9,0.0,3,medium,base,base,7,8,15,5,5,1,1,1,10,10,10,0,1.0,1.0,0.0,1.0,30.6,0.7418300653594772,0.8571428571428571,0.6875,0.5534842398743012,1.1104049657176516,0.7777777777777778,0.35333995242436633,0.7506455385706341,0.1581129780221653,0.9900999974290173,0.27423976630562213,0.18117865476934109,0.7418300653594772,306,6.8,9.8,5.9,8.1,9.5,7.7,7.2,5.2,11.1,5.1,1.5,0.2
size9_comp0.0_grid4_base_medium,9,0.0,4,medium,base,base,8,6,14,10,2,1,1,1,10,10,10,0,1.0,1.0,0.0,1.0,18.5,0.8702702702702703,0.9444444444444444,0.8,0.7814084967320262,0.663441378140926,0.7714285714285715,0.29183695200520693,0.37906049193087077,0.16740058359563117,0.9535706120124274,0.16753987054712965,0.1775553018410161,0.8702702702702703,185,1.4,7.4,2.7,7.0,6.5,4.4,4.4,2.2,3.5,2.1,1.1,0.3
size9_comp0.0_grid5_base_medium,9,0.0,5,medium,base,base,6,7,13,3,5,1,1,1,10,10,10,0,1.0,1.0,0.0,1.0,16.4,0.8780487804878049,0.9090909090909091,0.8571428571428571,0.8184432094729578,0.9818062732175743,0.7142857142857143,0.356835024339091,0.5250390696154746,0.0785324964240454,0.6746572451005878,0.15244839437732113,0.18634431045145325,0.8780487804878049,164,4.2,3.2,3.8,5.2,6.9,3.2,3.5,1.8,2.9,1.8,0.6,0.6
size9_comp0.0_grid6_base_medium,9,0.0,6,medium,base,base,5,5,10,4,3,1,1,1,10,10,10,0,1.0,1.0,0.0,1.0,11.0,0.9545454545454546,0.9807692307692307,0.9310344827586207,0.9291666666666666,0.7132305465740468,0.6666666666666666,0.257537192670493,0.3069962290983544,0.19397917539164047,0.5212993397320592,0.057754942879618264,0.17054232804232805,0.9545454545454546,110,3.5,0.5,3.0,4.0,3.7,2.3,3.5,0.5,1.1,0.5,0.2,0.0
size9_comp0.0_grid7_base_medium,9,0.0,7,medium,base,base,3,3,6,6,0,1,1,1,10,10,10,0,1.0,1.0,0.0,1.0,7.6,0.8947368421052632,0.8947368421052632,0.8947368421052632,0.845,0.5206485220602464,0.6428571428571429,0.18231916223504446,0.46121343285929406,0.14786814767094966,0.4325021937979461,0.17549876890320612,0.17435064935064937,0.8947368421052632,76,0.4,1.4,0.4,5.4,3.1,1.3,1.6,0.6,0.7,0.6,0.1,0.0
size9_comp0.0_grid8_base_medium,9,0.0,8,medium,base,base,5,9,14,4,5,1,1,1,10,10,10,0,1.0,1.0,0.0,1.0,19.8,0.8535353535353535,0.7840909090909091,0.9090909090909091,0.7472047397047397,1.0216659474484644,0.7142857142857143,0.30110976325447564,0.7744371811369454,0.18602196096847964,0.701211744554565,0.12066446812009689,0.17348078508792797,0.8535353535353535,198,7.4,3.4,4.5,4.5,5.1,4.5,5.9,3.3,4.6,3.3,0.8,0.0
size9_comp0.0_grid9_base_medium,9,0.0,9,medium,base,base,4,5,9,5,2,1,1,1,10,10,10,0,1.0,1.0,0.0,1.0,9.5,0.968421052631579,0.975609756097561,0.9629629629629629,0.9536363636363637,0.4601522898875625,0.5882352941176471,0.31420845758529764,0.5483356429358901,0.059017406496416576,0.3435903784601443,0.10907028551936129,0.16977973007384775,0.968421052631579,95,5.2,0.2,2.1,2.0,2.9,2.0,3.3,0.3,0.4,0.3,0.3,0.1
size9_comp0.2_grid0_base_medium,9,0.2,0,medium,base,base,5,7,12,10,1,1,1,1,10,10,10,0,1.0,1.0,0.0,1.0,17.3,0.8092485549132948,0.7727272727272727,0.8470588235294118,0.723053489338319,0.7832403372891977,0.6666666666666666,0.2716675294848429,0.7781545008340557,0.18008512735588478,0.5264169540943431,0.13400664081428765,0.14539072039072043,0.8092485549132948,173,6.8,1.7,7.3,1.4,7.8,3.7,2.5,2.1,3.6,2.0,0.5,1.2
size9_comp0.2_grid1_base_medium,9,0.2,1,medium,base,base,6,3,9,3,3,1,1,1,10,10,10,0,1.0,1.0,0.0,1.0,11.6,0.853448275862069,0.8607594936708861,0.8378378378378378,0.822922077922078,0.62553267985464,0.5294117647058824,0.4998006776492981,0.548241692121208,0.18649443598202628,0.452597606992001,0.07929699965445967,0.18892733564013836,0.853448275862069,116,4.0,1.8,2.4,3.4,4.0,2.3,2.4,1.9,3.1,1.8,1.1,0.8
size9_comp0.2_grid2_base_medium,9,0.2,2,medium,base,base,7,3,10,6,2,1,1,1,10,10,10,0,1.0,1.0,0.0,1.0,18.0,0.7611111111111111,0.7557251908396947,0.7755102040816326,0.6325618825618826,0.7407199186754886,0.52,0.2616639896832562,0.7836552459053296,0.16950480536143905,0.4277870548443667,0.2055398193748015,0.1651261487050961,0.7611111111111111,180,6.1,2.9,2.9,6.1,5.8,3.7,3.7,3.8,6.4,3.7,0.6,0.6
size9_comp0.2_grid3_base_medium,9,0.2,3,medium,base,base,3,4,7,7,0,1,1,1,10,10,10,0,1.0,1.0,0.0,1.0,7.6,0.9605263157894737,0.96875,0.9545454545454546,0.9333333333333333,0.2527121536945432,0.45454545454545453,0.1043386536912651,0.2739488137502334,0.1069227931459145,0.24057691937700595,0.058393699080160746,0.08677685950413223,0.9605263157894737,76,2.3,0.3,0.0,5.0,4.4,0.5,1.4,0.3,0.3,0.3,0.0,0.0
size9_comp0.2_grid4_base_medium,9,0.2,4,medium,base,base,7,6,13,9,4,1,1,1,10,10,10,0,1.0,1.0,0.0,1.0,17.3,0.861271676300578,0.8301886792452831,0.9104477611940298,0.7752745667645049,0.6318106631545566,0.5571032895116398,0.36185697304464615,0.7014263480681865,0.10826791903514757,0.3114782076436588,0.14137954914658288,0.19799674010200324,0.861271676300578,173,6.8,2.8,6.6,1.1,7.6,1.6,5.3,1.8,2.6,1.8,0.1,0.5
size9_comp0.2_grid5_base_medium,9,0.2,5,medium,base,base,9,3,12,6,3,1,1,1,10,10,10,0,1.0,1.0,0.0,1.0,15.2,0.8881578947368421,0.8793103448275862,0.9166666666666666,0.8086340852130325,0.7829051957460456,0.5925925925925926,0.34299977281750704,0.5852370295745014,0.16576994196408038,0.566894633609509,0.16452254065645724,0.23295120517342738,0.8881578947368421,152,3.4,5.3,5.2,1.3,5.0,3.9,2.7,2.6,3.1,2.6,0.6,0.2
size9_comp0.2_grid6_base_medium,9,0.2,6,medium,base,base,5,5,10,8,3,1,1,1,10,10,10,0,1.0,1.0,0.0,1.0,14.1,0.851063829787234,0.8676470588235294,0.8356164383561644,0.735609243697479,0.7178805429124895,0.5238095238095238,0.19081083353143077,0.6728830281546675,0.09570901757510529,0.6626541663811311,0.10672495856339075,0.27498453927025357,0.851063829787234,141,4.6,2.5,0.5,6.5,5.9,3.0,1.9,2.3,2.7,2.3,0.8,0.1
size9_comp0.2_grid7_base_medium,9,0.2,7,medium,base,base,5,8,13,3,5,1,1,1,10,10,10,0,1.0,1.0,0.0,1.0,14.4,0.9236111111111112,0.8620689655172413,0.9651162790697675,0.9137149859943978,0.772243293267975,0.484037019258506,0.24991112315840006,0.6363048693156576,0.13684189865960786,0.3709871357006242,0.08892633037925103,0.05047036297036296,0.9236111111111112,144,3.3,3.2,2.8,5.1,6.6,3.4,3.0,0.4,2.4,0.4,0.4,0.8
size9_comp0.2_grid8_base_medium,9,0.2,8,medium,base,base,4,4,8,4,3,1,1,1,10,10,10,0,1.0,1.0,0.0,1.0,10.0,0.87,0.8703703703703703,0.8695652173913043,0.8254256854256854,0.6358759737385851,0.5333333333333333,0.43302816896154633,0.5315423902154696,0.18992305010130037,0.5411890355348719,0.06710928337251658,0.11471269471269473,0.87,100,3.5,2.5,3.8,0.2,3.8,1.4,3.1,0.7,1.3,0.7,0.1,0.6
size9_comp0.2_grid9_base_medium,9,0.2,9,medium,base,base,6,3,9,3,3,1,1,1,10,8,8,2,0.8,0.8,0.2,0.8,8.4,0.9642857142857143,0.9655172413793104,0.9615384615384616,0.7510489510489511,0.6707775478730408,0.42857142857142855,0.20083220629376894,0.440628051767404,0.09726185071086259,0.42220103655774915,0.07801743521668858,0.2184523809523809,0.9642857142857143,84,2.8,1.8,2.9,0.9,2.0,2.6,2.3,0.5,1.1,0.5,0.3,0.0
size9_comp0.4_grid0_base_medium,9,0.4,0,medium,base,base,9,5,14,4,5,1,1,1,10,4,4,6,0.4,0.4,0.6,0.4,13.5,0.762962962962963,0.7280701754385965,0.9523809523809523,0.2605537757437071,0.7316642666897147,0.34782608695652173,0.29818383029987233,0.4984134000775796,0.12809587080059875,0.29182958340544896,0.05021526290802425,0.09158196875588179,0.762962962962963,135,4.3,2.1,2.8,4.3,4.7,4.0,1.8,2.0,3.2,1.7,0.1,0.9
size9_comp0.4_grid1_base_medium,9,0.4,1,medium,base,base,7,7,14,8,3,1,1,1,10,10,10,0,1.0,1.0,0.0,1.0,21.0,0.8095238095238095,0.9036144578313253,0.7480314960629921,0.6769940895018294,0.8165132130838122,0.42857142857142855,0.31453404960991777,0.49649251940066097,0.11546553727951514,0.7941514620215084,0.1634860957649242,0.123508535115678,0.8095238095238095,210,4.2,7.3,2.1,7.4,8.8,2.9,5.1,3.2,5.1,3.1,1.2,1.0
size9_comp0.4_grid2_base_medium,9,0.4,2,medium,base,base,3,8,11,5,3,1,1,1,10,10,10,0,1.0,1.0,0.0,1.0,15.5,0.8193548387096774,0.8409090909090909,0.8108108108108109,0.7376515005462374,0.5917919581228621,0.32,0.20214670073543192,0.5058527801894578,0.05011491372784249,0.43071251820220197,0.1265113376369354,0.08592156862745098,0.8193548387096774,155,5.6,2.8,5.1,2.0,5.6,2.8,4.2,1.9,4.2,1.9,1.1,1.1
size9_comp0.4_grid3_base_medium,9,0.4,3,medium,base,base,5,6,11,5,4,1,1,1,10,10,10,0,1.0,1.0,0.0,1.0,15.5,0.8064516129032258,0.8225806451612904,0.7956989247311828,0.7142652445593622,0.8794901549848786,0.375,0.27139851784640845,0.6575580600682722,0.08979068992484424,0.3828386430915197,0.21195939272369707,0.18487900987900988,0.8064516129032258,155,2.7,5.4,4.8,2.6,6.6,2.5,4.2,1.2,5.0,1.2,0.8,1.5
size9_comp0.4_grid4_base_medium,9,0.4,4,medium,base,base,4,9,13,7,3,1,1,1,10,10,10,0,1.0,1.0,0.0,1.0,20.1,0.8009950248756219,0.9534883720930233,0.759493670886076,0.6700909660514924,0.6846015979888169,0.41156015629507225,0.21329847828959317,0.3485637411491357,0.1243537773629889,0.5747911926336451,0.21772439258939139,0.12486427991942697,0.8009950248756219,201,4.5,6.6,2.7,6.3,8.1,2.8,5.0,3.2,5.7,3.2,1.0,0.9
size9_comp0.4_grid5_base_medium,9,0.4,5,medium,base,base,8,5,13,3,5,1,1,1,10,10,10,0,1.0,1.0,0.0,1.0,18.3,0.8360655737704918,0.8411214953271028,0.8289473684210527,0.7558613947971533,0.690837792531964,0.4167375000313546,0.36316653949143646,0.5839534559060321,0.16262240130958744,0.5911823852863468,0.20141775782151916,0.07025371653518107,0.8360655737704918,183,4.9,5.7,2.7,4.9,6.1,4.7,3.8,2.5,4.8,2.2,1.3,0.6
size9_comp0.4_grid6_base_medium,9,0.4,6,medium,base,base,6,5,11,7,3,1,1,1,10,10,10,0,1.0,1.0,0.0,1.0,13.0,0.9,0.88,0.9272727272727272,0.862591575091575,0.515700808418578,0.34782608695652173,0.18641064447805866,0.4577799745284546,0.10486530587334998,0.3782611093493802,0.11818566814297247,0.12350692785475399,0.9,130,6.4,0.3,3.7,2.6,5.0,3.2,2.7,1.1,1.7,1.1,0.4,0.6
size9_comp0.4_grid7_base_medium,9,0.4,7,medium,base,base,5,9,14,4,5,1,1,1,10,10,10,0,1.0,1.0,0.0,1.0,19.8,0.8383838383838383,0.9137931034482759,0.8071428571428572,0.7282456949356263,1.0192175253410714,0.504997794160068,0.2560591430460639,0.3467264893987041,0.13472066571088132,0.7358108892435917,0.18199205754366268,0.19924255309320132,0.8383838383838383,198,3.5,5.7,6.3,4.3,5.7,5.7,3.9,3.5,7.9,3.5,0.6,0.6
size9_comp0.4_grid8_base_medium,9,0.4,8,medium,base,base,4,5,9,5,2,1,1,1,10,10,10,0,1.0,1.0,0.0,1.0,14.0,0.7785714285714286,0.7719298245614035,0.7831325301204819,0.6786321573163678,0.6465410103312278,0.23809523809523808,0.24249584166273463,0.43753303484111516,0.1564054951914936,0.5025403539350249,0.1308325346576048,0.1478655603655604,0.7785714285714286,140,4.0,4.3,4.8,0.9,5.4,3.3,2.3,2.0,3.2,1.9,1.1,1.2
size9_comp0.4_grid9_base_medium,9,0.4,9,medium,base,base,5,4,9,7,1,1,1,1,10,10,10,0,1.0,1.0,0.0,1.0,13.0,0.823076923076923,0.8048780487804879,0.8541666666666666,0.7143247928542047,0.7530919894357304,0.4117647058823529,0.25570330444493705,0.7357107047205089,0.1378103942084984,0.5176604474784894,0.08854554611135795,0.1557444189797131,0.823076923076923,130,3.8,2.8,5.5,0.9,4.9,1.8,3.8,1.5,2.3,1.5,0.0,0.6
size9_comp0.6_grid0_base_medium,9,0.6,0,medium,base,base,5,3,8,6,1,1,1,1,10,10,10,0,1.0,1.0,0.0,1.0,13.1,0.7709923664122137,0.8194444444444444,0.711864406779661,0.7222592145362544,0.6482865623438974,0.3684210526315789,0.2571889766332241,0.4835310796258239,0.21774191402605753,0.6365502982417178,0.275448485783503,0.12798853193590035,0.7709923664122137,131,1.0,4.5,4.8,2.8,4.5,4.2,1.0,2.4,4.4,2.3,1.6,0.9
size9_comp0.6_grid1_base_medium,9,0.6,1,medium,base,base,11,4,15,7,4,1,1,1,10,0,0,10,0.0,0.0,1.0,0.0,12.7,0.7007874015748031,0.7007874015748031,0.0,0.0,0.7150034045742172,0.3333333333333333,0.09006385308109735,0.7150034045742172,0.09006385308109735,0.0,0.0,0.24629148629148626,0.7007874015748031,127,3.6,2.0,0.6,5.3,4.0,1.5,2.1,1.8,4.5,1.8,0.0,0.7
size9_comp0.6_grid2_base_medium,9,0.6,2,medium,base,base,4,5,9,5,4,1,1,1,10,10,10,0,1.0,1.0,0.0,1.0,12.6,0.7777777777777778,0.7692307692307693,0.7837837837837838,0.7420437457279563,0.7114891945945557,0.2727272727272727,0.267171950759216,0.7565714951074926,0.12445906688923412,0.5617844293975177,0.13056649955658,0.2347349620076893,0.7777777777777778,126,2.6,4.0,3.8,2.2,4.9,2.7,2.2,1.8,3.6,1.4,1.1,2.0
size9_comp0.6_grid3_base_medium,9,0.6,3,medium,base,base,7,3,10,8,1,1,1,1,10,10,10,0,1.0,1.0,0.0,1.0,12.1,0.8677685950413223,0.8333333333333334,0.967741935483871,0.8558223639105993,0.5488801116440526,0.09090909090909091,0.14712883341882863,0.5607129963943499,0.07155383252304438,0.14649899564050448,0.015672164780756472,0.08454651409196864,0.8677685950413223,121,1.1,5.5,4.3,1.2,4.1,3.1,2.7,1.2,2.2,0.9,0.2,1.1
size9_comp0.6_grid4_base_medium,9,0.6,4,medium,base,base,5,8,13,3,5,1,1,1,10,10,10,0,1.0,1.0,0.0,1.0,16.7,0.874251497005988,0.9298245614035088,0.8454545454545455,0.793469089390142,0.7826595305658771,0.26666666666666666,0.26674166113866066,0.24747254443831057,0.026289050101168134,0.5921045832973928,0.1609025495766297,0.16939427722036418,0.874251497005988,167,5.2,3.3,3.8,4.4,6.1,3.4,3.8,2.4,6.8,2.4,1.3,0.5
size9_comp0.6_grid5_base_medium,9,0.6,5,medium,base,base,4,7,11,3,4,1,1,1,10,10,10,0,1.0,1.0,0.0,1.0,13.3,0.9097744360902256,0.8979591836734694,0.9166666666666666,0.8396875673346262,0.7393466355314939,0.35294117647058826,0.3008985955722836,0.3424349602109278,0.22578165513191326,0.26507792971373373,0.10207155597490077,0.10979249508661275,0.9097744360902256,133,2.8,2.7,2.4,5.4,6.9,2.8,1.3,1.3,3.2,1.3,0.7,0.1
size9_comp0.6_grid6_base_medium,9,0.6,6,medium,base,base,6,4,10,10,0,1,1,1,10,10,10,0,1.0,1.0,0.0,1.0,14.5,0.8206896551724138,0.78125,0.8979591836734694,0.7106975326015574,0.48211401932622244,0.2292481250360578,0.16538568366439588,0.6572099412357283,0.1527809947890312,0.22286382303645313,0.09630797096863684,0.08362179487179489,0.8206896551724138,145,5.8,0.8,4.6,3.3,5.7,3.2,3.3,1.3,2.6,1.3,0.2,0.7
size9_comp0.6_grid7_base_medium,9,0.6,7,medium,base,base,6,5,11,9,3,1,1,1,10,10,10,0,1.0,1.0,0.0,1.0,19.2,0.7708333333333334,0.8433734939759037,0.7155963302752294,0.6596999781694054,0.5774742906462523,0.37037037037037035,0.24621809041092166,0.434448111586465,0.15532469332194546,0.564434048755182,0.19442213516665577,0.04987004548408055,0.7708333333333334,192,2.1,6.1,7.9,3.1,8.6,2.5,2.4,4.7,6.7,4.5,2.6,0.6
size9_comp0.6_grid8_base_medium,9,0.6,8,medium,base,base,6,6,12,4,5,1,1,1,10,9,9,1,0.9,0.9,0.1,0.9,20.0,0.745,0.7422680412371134,0.7475728155339806,0.5278659673659674,0.8490116053632528,0.391304347826087,0.3608278005219261,0.8642514388158975,0.228509535388859,0.8209022561075106,0.22316824526970308,0.12710126598099405,0.745,200,3.6,5.8,4.4,6.2,4.7,3.9,5.9,4.5,6.8,4.4,0.7,1.0
size9_comp0.6_grid9_base_medium,9,0.6,9,medium,base,base,4,9,13,5,4,1,1,1,10,10,10,0,1.0,1.0,0.0,1.0,16.0,0.875,0.8936170212765957,0.8672566371681416,0.8361134453781514,0.7549064926843486,0.2777777777777778,0.23134582791254946,0.3746750897023375,0.09401852102609978,0.5512548024304591,0.11435900112561731,0.14172925839592507,0.875,160,2.8,3.8,2.7,6.6,5.6,4.6,3.1,1.5,5.1,1.3,0.5,0.9
