grid_id,grid_size,density,instance_id,reasoning_effort,transform_type,trajectory_category,collect_mode,start_to_coin1_distance,start_to_coin2_distance,coin1_to_coin2_distance,coin2_to_coin1_distance,coin1_to_goal_distance,coin2_to_goal_distance,optimal_total_distance,coin1_reachable_from_start,coin2_reachable_from_start,goal_reachable_from_start,goal_reachable_from_coin1,goal_reachable_from_coin2,num_trajectories,num_trajectories_0_coins,num_trajectories_1_coin,num_trajectories_2_coins,mean_coins_collected,success_rate,mean_trajectory_length,mean_action_accuracy,mean_action_accuracy_phase1,mean_action_accuracy_phase2,mean_action_accuracy_phase3,spl,mean_entropy,mean_optimal_entropy,mean_jsd,ece,mean_step_accuracy,total_steps,mean_actions_up,mean_actions_down,mean_actions_left,mean_actions_right,mean_steps_front,mean_steps_left_turn,mean_steps_right_turn,mean_steps_back,mean_cell_revisits,mean_immediate_revisits,mean_coin_oscillations,mean_invalid_actions
collect_one_size11_comp0.0_grid0_base_medium,11,0.0,0,medium,base,base,collect_one,8,5,5,5,8,13,16,1,1,1,1,1,10,0,0,10,2.0,1.0,34.6,0.7369942196531792,0.9204545454545454,0.6744186046511628,0.0,0.49884626314293834,0.9156796965256797,0.8297872340425532,0.3205347130593686,0.17084357523171198,0.7369942196531792,346,8.8,8.8,12.5,4.5,11.5,7.9,8.7,5.5,9.9,5.5,2.4,0.0
collect_one_size11_comp0.0_grid1_base_medium,11,0.0,1,medium,base,base,collect_one,11,4,11,11,4,7,11,1,1,1,1,1,10,0,0,10,2.0,1.0,22.9,0.7292576419213974,0.7727272727272727,0.7116564417177914,0.0,0.48826662065792503,0.687607432225871,0.7441860465116279,0.39244971733176537,0.10616463639719456,0.7292576419213974,229,9.2,3.5,5.6,4.6,8.0,5.7,5.2,3.0,3.8,2.6,0.6,0.5
collect_one_size11_comp0.0_grid2_base_medium,11,0.0,2,medium,base,base,collect_one,7,6,5,5,4,7,11,1,1,1,1,1,10,0,1,9,1.9,1.0,20.8,0.7932692307692307,0.9444444444444444,0.7132352941176471,0.0,0.5569805907405528,0.7794931325948683,0.7560975609756098,0.32491383586486405,0.10646974976243274,0.7932692307692307,208,6.5,4.5,2.4,7.4,7.8,3.9,5.3,2.8,4.3,2.8,1.2,0.0
collect_one_size11_comp0.0_grid3_base_medium,11,0.0,3,medium,base,base,collect_one,7,9,6,6,4,8,11,1,1,1,1,1,10,0,0,10,2.0,1.0,28.2,0.6950354609929078,0.8365384615384616,0.6123595505617978,0.0,0.40139098704615944,0.7791578357865591,0.8157894736842105,0.29323039640513743,0.06669488192431705,0.6950354609929078,282,3.6,9.6,6.0,9.0,12.6,4.9,5.5,4.2,8.2,4.2,2.0,0.0
collect_one_size11_comp0.0_grid4_base_medium,11,0.0,4,medium,base,base,collect_one,4,5,9,9,4,9,8,1,1,1,1,1,10,0,0,10,2.0,1.0,28.3,0.6501766784452296,0.847457627118644,0.5982142857142857,0.0,0.2881081663434605,0.9228249243783079,0.7659574468085106,0.37536392874424335,0.11784486199379814,0.6501766784452296,283,7.0,10.9,5.2,5.2,11.1,5.6,6.2,4.4,7.4,4.3,0.9,0.1
collect_one_size11_comp0.0_grid5_base_medium,11,0.0,5,medium,base,base,collect_one,3,9,6,6,8,8,11,1,1,1,1,1,10,0,0,10,2.0,1.0,22.3,0.7309417040358744,0.9166666666666666,0.6951871657754011,0.0,0.5024440832993802,0.6286252800637125,0.7777777777777778,0.3726563196992999,0.19974426807760146,0.7309417040358744,223,6.8,3.8,5.2,6.5,10.6,3.4,5.8,1.5,2.4,1.4,0.4,0.7
collect_one_size11_comp0.0_grid6_base_medium,11,0.0,6,medium,base,base,collect_one,5,5,8,8,13,5,10,1,1,1,1,1,10,0,0,10,2.0,1.0,29.8,0.6610738255033557,0.8024691358024691,0.6082949308755761,0.0,0.34043870359659834,0.8354647323784705,0.8,0.31406704289969034,0.13467965367965368,0.6610738255033557,298,6.8,9.7,4.1,9.1,13.2,6.5,6.4,2.5,6.1,2.5,1.2,0.3
collect_one_size11_comp0.0_grid7_base_medium,11,0.0,7,medium,base,base,collect_one,4,11,7,7,7,12,11,1,1,1,1,1,10,0,0,10,2.0,1.0,29.7,0.6835016835016835,0.8979591836734694,0.6411290322580645,0.0,0.3818072338745136,0.7588536971501938,0.8070175438596491,0.330261688349407,0.07522786667523512,0.6835016835016835,297,2.8,10.8,7.6,8.5,11.6,5.2,8.2,3.7,4.2,3.7,0.9,0.1
collect_one_size11_comp0.0_grid8_base_medium,11,0.0,8,medium,base,base,collect_one,9,10,9,9,6,5,15,1,1,1,1,1,10,1,0,9,1.8,0.9,25.4,0.7559055118110236,0.8942307692307693,0.66,0.0,0.5015905991896525,0.6249951585234339,0.8125,0.46395574561492725,0.05707799145299148,0.7559055118110236,254,6.0,7.2,8.1,4.0,11.3,5.7,5.1,2.1,3.4,1.7,1.3,0.7
collect_one_size11_comp0.0_grid9_base_medium,11,0.0,9,medium,base,base,collect_one,11,8,7,7,3,8,14,1,1,1,1,1,10,0,1,9,1.9,1.0,29.4,0.7414965986394558,0.9333333333333333,0.6091954022988506,0.0,0.5243023129429155,0.7939208263806448,0.8148148148148148,0.24490683780406708,0.15007136841932162,0.7414965986394558,294,10.5,2.3,10.3,6.3,12.8,5.8,6.8,3.0,6.1,3.0,1.6,0.2
collect_one_size11_comp0.2_grid0_base_medium,11,0.2,0,medium,base,base,collect_one,8,3,9,9,3,6,9,1,1,1,1,1,10,0,1,9,1.9,1.0,21.5,0.7023255813953488,0.9047619047619048,0.653179190751445,0.0,0.4306079168509509,0.8644098983321634,0.5548402344426084,0.2797870050256982,0.2140753318372804,0.7023255813953488,215,8.4,2.3,5.8,5.0,7.0,4.7,5.2,3.6,5.8,3.6,1.5,0.5
collect_one_size11_comp0.2_grid1_base_medium,11,0.2,1,medium,base,base,collect_one,6,9,9,9,4,5,10,1,1,1,1,1,10,0,2,8,1.8,1.0,28.0,0.6571428571428571,0.7931034482758621,0.5958549222797928,0.0,0.3815393941310419,0.7664989263976251,0.5021785256595168,0.37743229266010164,0.09190164410752646,0.6571428571428571,280,6.1,8.6,8.0,5.2,12.0,3.7,5.3,5.8,9.1,5.5,1.5,1.1
collect_one_size11_comp0.2_grid2_base_medium,11,0.2,2,medium,base,base,collect_one,11,8,11,11,5,8,16,1,1,1,1,1,10,0,0,10,2.0,1.0,39.7,0.6649874055415617,0.7248322147651006,0.6290322580645161,0.0,0.4334999975364444,1.0337945897398142,0.59375,0.28426512927436365,0.1774044111015618,0.6649874055415617,397,5.4,12.1,14.8,7.2,17.1,8.7,6.9,5.6,11.8,5.0,0.8,2.7
collect_one_size11_comp0.2_grid3_base_medium,11,0.2,3,medium,base,base,collect_one,11,5,8,8,3,7,12,1,1,1,1,1,10,0,0,10,2.0,1.0,20.9,0.784688995215311,0.8888888888888888,0.7397260273972602,0.0,0.5812648221343873,0.7544369263369562,0.6928101562950723,0.377398595937733,0.14314513611388613,0.784688995215311,209,3.5,7.4,7.0,3.0,7.0,5.4,4.9,2.6,3.8,2.5,1.4,0.1
collect_one_size11_comp0.2_grid4_base_medium,11,0.2,4,medium,base,base,collect_one,6,5,9,9,5,10,11,1,1,1,1,1,10,0,0,10,2.0,1.0,35.7,0.6582633053221288,0.7378640776699029,0.6259842519685039,0.0,0.318517329159196,0.9900065690360071,0.5142537234349428,0.2931534620051774,0.1429711819261256,0.6582633053221288,357,9.0,12.6,5.1,9.0,13.0,6.3,7.3,8.1,13.5,7.9,2.0,1.7
collect_one_size11_comp0.2_grid5_base_medium,11,0.2,5,medium,base,base,collect_one,5,7,10,10,10,8,15,1,1,1,1,1,10,0,0,10,2.0,1.0,38.7,0.6718346253229974,0.9012345679012346,0.6111111111111112,0.0,0.3963841900867875,0.8894592757542578,0.6333333333333333,0.40542792744861067,0.0917474898395951,0.6718346253229974,387,8.0,10.4,8.9,11.4,16.6,7.5,7.4,6.2,13.7,5.9,1.8,1.7
collect_one_size11_comp0.2_grid6_base_medium,11,0.2,6,medium,base,base,collect_one,4,6,6,6,8,8,12,1,1,1,1,1,10,0,0,10,2.0,1.0,29.2,0.6815068493150684,0.8333333333333334,0.6422413793103449,0.0,0.4247662000846585,0.8460429384544769,0.5813953488372093,0.34459739477229195,0.0950786299933811,0.6815068493150684,292,5.9,7.5,6.3,9.5,10.8,6.0,6.3,5.1,9.8,5.1,1.7,1.4
collect_one_size11_comp0.2_grid7_base_medium,11,0.2,7,medium,base,base,collect_one,9,4,13,13,4,9,13,1,1,1,1,1,10,0,1,9,1.9,1.0,35.5,0.6591549295774648,0.8229166666666666,0.5984555984555985,0.0,0.38600935238866274,1.0114461054409687,0.6521739130434783,0.36377175327289657,0.08139165167701981,0.6591549295774648,355,7.3,10.1,10.5,7.5,15.3,5.6,8.3,5.1,13.4,4.9,2.0,1.6
collect_one_size11_comp0.2_grid8_base_medium,11,0.2,8,medium,base,base,collect_one,3,7,4,4,5,3,8,1,1,1,1,1,10,0,0,10,2.0,1.0,11.3,0.831858407079646,0.9393939393939394,0.7875,0.0,0.7188811188811189,0.49722270753832787,0.75,0.2876112055538258,0.18289141414141413,0.831858407079646,113,5.4,1.1,4.4,0.3,4.0,3.5,2.1,0.5,1.0,0.4,0.3,0.4
collect_one_size11_comp0.2_grid9_base_medium,11,0.2,9,medium,base,base,collect_one,6,3,5,5,10,7,10,1,1,1,1,1,10,0,0,10,2.0,1.0,23.7,0.70042194092827,0.8260869565217391,0.6701570680628273,0.0,0.4314063951134889,0.9036713963595936,0.6570544118495478,0.28285289558360655,0.09651614725144146,0.70042194092827,237,8.2,5.0,5.8,4.7,9.4,6.2,4.0,3.1,4.7,2.9,0.5,0.5
collect_one_size11_comp0.4_grid0_base_medium,11,0.4,0,medium,base,base,collect_one,11,5,12,12,11,3,8,1,1,1,1,1,10,0,4,6,1.6,1.0,29.2,0.6061643835616438,0.8307692307692308,0.5418502202643172,0.0,0.4541372241495584,1.1260833345832666,0.42424242424242425,0.2902047147317198,0.10913311545722613,0.6061643835616438,292,9.5,7.7,4.1,7.9,12.5,4.9,6.6,4.2,11.2,3.8,1.0,1.8
collect_one_size11_comp0.4_grid1_base_medium,11,0.4,1,medium,base,base,collect_one,10,13,3,3,3,6,13,1,1,1,1,1,10,0,0,10,2.0,1.0,37.2,0.6424731182795699,0.6779661016949152,0.5808823529411765,0.0,0.35891349790818367,0.8694788582208205,0.3954247340578969,0.3669348267625996,0.12694817767408506,0.6424731182795699,372,12.0,7.9,5.8,10.4,12.0,6.5,9.1,6.5,13.9,6.1,1.8,3.1
collect_one_size11_comp0.4_grid2_base_medium,11,0.4,2,medium,base,base,collect_one,7,3,4,4,8,4,7,1,1,1,1,1,10,0,0,10,2.0,1.0,25.4,0.6299212598425197,0.8947368421052632,0.5833333333333334,0.0,0.3052632329358672,1.0118242913756235,0.2857142857142857,0.29695054880245647,0.1498732521284585,0.6299212598425197,254,6.2,5.1,8.1,6.0,8.9,4.7,4.8,6.0,11.6,6.0,3.5,0.4
collect_one_size11_comp0.4_grid3_base_medium,11,0.4,3,medium,base,base,collect_one,5,11,8,8,3,5,8,1,1,1,1,1,10,0,0,10,2.0,1.0,26.2,0.6106870229007634,0.7808219178082192,0.544973544973545,0.0,0.3148262331786359,0.8096554857335234,0.3548387096774194,0.3015953653105931,0.12702604163704734,0.6106870229007634,262,8.7,7.3,9.1,1.1,12.0,4.2,5.3,3.7,7.8,3.6,1.3,2.2
collect_one_size11_comp0.4_grid4_base_medium,11,0.4,4,medium,base,base,collect_one,9,4,5,5,6,3,7,1,1,1,1,1,10,0,0,10,2.0,1.0,23.2,0.625,0.84,0.5659340659340659,0.0,0.3172936067851242,0.8863258009486598,0.5033985000288462,0.2708341180975085,0.15795027195027192,0.625,232,7.7,4.6,7.9,2.9,7.6,5.7,5.3,3.4,6.4,3.4,1.6,1.1
collect_one_size11_comp0.4_grid5_base_medium,11,0.4,5,medium,base,base,collect_one,6,13,7,7,4,3,10,1,1,1,1,1,10,0,0,10,2.0,1.0,21.3,0.7136150234741784,0.8470588235294118,0.625,0.0,0.4802229002457835,0.5501499498033577,0.5454545454545454,0.32152893224574924,0.03684312320675956,0.7136150234741784,213,6.5,3.8,1.9,9.1,9.5,4.1,4.3,2.4,4.1,2.3,1.4,0.9
collect_one_size11_comp0.4_grid6_base_medium,11,0.4,6,medium,base,base,collect_one,5,8,7,7,5,4,10,1,1,1,1,1,10,0,0,10,2.0,1.0,27.6,0.6739130434782609,0.8,0.6129032258064516,0.0,0.3812714097496706,0.9523286074065771,0.2647058823529412,0.24171568838347982,0.18801864630038,0.6739130434782609,276,4.3,8.4,5.4,9.4,10.7,5.4,5.3,5.0,8.6,4.9,1.3,0.7
collect_one_size11_comp0.4_grid7_base_medium,11,0.4,7,medium,base,base,collect_one,8,6,14,14,9,7,13,1,1,1,1,1,10,0,0,10,2.0,1.0,38.4,0.6536458333333334,0.927536231884058,0.5936507936507937,0.0,0.34159382012400347,0.8902268664464085,0.4692383152330686,0.24498006295181926,0.1022247388626699,0.6536458333333334,384,10.2,3.9,14.7,9.5,19.0,5.2,6.5,6.5,13.5,6.3,2.0,1.1
collect_one_size11_comp0.4_grid8_base_medium,11,0.4,8,medium,base,base,collect_one,12,11,3,3,3,4,15,1,1,1,1,1,10,0,0,10,2.0,1.0,21.2,0.8160377358490566,0.8769230769230769,0.7195121951219512,0.0,0.7189533441835232,0.5508037093244299,0.42424242424242425,0.32340628414178996,0.14267483358392452,0.8160377358490566,212,8.9,3.9,6.6,1.8,10.0,5.3,3.3,1.6,3.3,1.5,0.7,1.6
collect_one_size11_comp0.4_grid9_base_medium,11,0.4,9,medium,base,base,collect_one,9,10,5,5,11,6,16,1,1,1,1,1,10,0,0,10,2.0,1.0,38.3,0.6814621409921671,0.7922077922077922,0.6069868995633187,0.0,0.4328774639300955,0.8790967610923822,0.4528301886792453,0.276333893991623,0.17286022087485378,0.6814621409921671,383,8.6,11.0,12.9,5.6,15.3,8.7,7.2,5.7,12.4,5.5,2.1,1.9
collect_one_size7_comp0.0_grid0_base_medium,7,0.0,0,medium,base,base,collect_one,5,4,3,3,4,3,7,1,1,1,1,1,10,0,0,10,2.0,1.0,13.6,0.7573529411764706,0.9761904761904762,0.6595744680851063,0.0,0.5324338406691348,0.6385834544673943,0.625,0.30205363077868597,0.1547539470333588,0.7573529411764706,136,2.8,3.8,2.5,4.5,5.4,2.4,1.9,2.9,4.4,2.9,1.5,0.0
collect_one_size7_comp0.0_grid1_base_medium,7,0.0,1,medium,base,base,collect_one,5,6,3,3,6,3,9,1,1,1,1,1,10,0,0,10,2.0,1.0,15.4,0.8116883116883117,1.0,0.7040816326530612,0.0,0.5981813039901275,0.8715816845005845,0.7142857142857143,0.2782467813797007,0.10609546849042645,0.8116883116883117,154,3.3,4.2,6.0,1.9,5.6,3.6,4.2,1.0,2.7,0.8,0.9,0.2
collect_one_size7_comp0.0_grid2_base_medium,7,0.0,2,medium,base,base,collect_one,4,4,6,6,3,3,7,1,1,1,1,1,10,0,2,8,1.8,1.0,16.3,0.7055214723926381,0.9534883720930233,0.6166666666666667,0.0,0.4866473729079733,1.0717718801139766,0.6190476190476191,0.2404705584801437,0.11179920297567356,0.7055214723926381,163,5.3,2.3,5.4,3.3,5.0,4.1,4.1,2.1,3.8,2.0,1.4,0.3
collect_one_size7_comp0.0_grid3_base_medium,7,0.0,3,medium,base,base,collect_one,3,3,6,6,5,5,8,1,1,1,1,1,10,0,0,10,2.0,1.0,19.8,0.6818181818181818,0.9411764705882353,0.6280487804878049,0.0,0.41811594202898555,1.2603013015893862,0.7222222222222222,0.30598032386992974,0.23400323804735573,0.6818181818181818,198,6.7,5.3,5.2,2.6,5.9,5.3,4.6,3.0,6.5,2.8,2.0,0.8
collect_one_size7_comp0.0_grid4_base_medium,7,0.0,4,medium,base,base,collect_one,3,3,4,4,7,3,6,1,1,1,1,1,10,0,0,10,2.0,1.0,20.4,0.6323529411764706,0.7678571428571429,0.581081081081081,0.0,0.30335689672646193,1.1335626638103464,0.7,0.35787749987993034,0.2634842241092241,0.6323529411764706,204,7.2,4.9,5.0,3.3,7.4,4.6,4.3,3.1,7.3,2.9,2.6,0.6
collect_one_size7_comp0.0_grid5_base_medium,7,0.0,5,medium,base,base,collect_one,3,5,4,4,7,3,8,1,1,1,1,1,10,0,0,10,2.0,1.0,18.4,0.7119565217391305,0.9423076923076923,0.6212121212121212,0.0,0.45183109288372447,1.0905649076758581,0.7,0.3313981696921375,0.17852737175105599,0.7119565217391305,184,4.0,4.1,3.2,7.1,6.1,6.0,4.1,1.2,4.7,1.1,1.6,0.4
collect_one_size7_comp0.0_grid6_base_medium,7,0.0,6,medium,base,base,collect_one,4,6,4,4,6,4,10,1,1,1,1,1,10,0,0,10,2.0,1.0,14.8,0.8243243243243243,0.9574468085106383,0.7623762376237624,0.0,0.7068482242395286,0.826145041274102,0.7272727272727273,0.42155623841948875,0.1789518562245835,0.8243243243243243,148,4.8,1.7,3.8,4.5,6.2,2.3,4.2,1.1,2.5,1.1,0.6,0.4
collect_one_size7_comp0.0_grid7_base_medium,7,0.0,7,medium,base,base,collect_one,3,6,3,3,4,5,7,1,1,1,1,1,10,0,0,10,2.0,1.0,13.8,0.7318840579710145,0.8947368421052632,0.67,0.0,0.5226799670917318,0.8057957788013261,0.7647058823529411,0.3680766433711466,0.1763682396035337,0.7318840579710145,138,5.4,0.8,4.3,3.3,5.4,3.3,2.7,1.4,2.3,1.4,0.1,0.6
collect_one_size7_comp0.0_grid8_base_medium,7,0.0,8,medium,base,base,collect_one,7,4,3,3,4,5,9,1,1,1,1,1,10,0,0,10,2.0,1.0,12.8,0.8359375,0.8913043478260869,0.8048780487804879,0.0,0.7166958041958041,0.6693746443114058,0.6875,0.36230453758555936,0.24384469696969696,0.8359375,128,1.6,3.2,4.5,3.5,5.9,2.1,2.5,1.3,1.9,1.3,1.1,0.4
collect_one_size7_comp0.0_grid9_base_medium,7,0.0,9,medium,base,base,collect_one,5,4,7,7,4,3,7,1,1,1,1,1,10,0,1,9,1.9,1.0,15.9,0.7169811320754716,1.0,0.6186440677966102,0.0,0.47836988304093564,0.9042564712687512,0.6190476190476191,0.32138244420237694,0.17933155718427723,0.7169811320754716,159,4.9,1.6,5.7,3.7,6.9,3.0,3.8,1.2,3.0,1.2,0.9,0.3
collect_one_size7_comp0.2_grid0_base_medium,7,0.2,0,medium,base,base,collect_one,3,4,5,5,6,3,7,1,1,1,1,1,10,0,0,10,2.0,1.0,17.5,0.6857142857142857,0.8695652173913043,0.6201550387596899,0.0,0.41697964297708545,0.7196643858581127,0.4,0.19266901597044273,0.07473019670388094,0.6857142857142857,175,3.0,3.9,4.1,6.5,7.6,2.3,3.4,3.2,7.2,3.1,2.2,1.1
collect_one_size7_comp0.2_grid1_base_medium,7,0.2,1,medium,base,base,collect_one,4,6,4,4,3,3,7,1,1,1,1,1,10,0,0,10,2.0,1.0,14.4,0.7083333333333334,0.9,0.6063829787234043,0.0,0.5002855477855478,0.5766081700619021,0.5,0.4926732268402892,0.11380471380471377,0.7083333333333334,144,4.6,3.0,2.5,4.3,4.5,5.4,2.5,1.0,2.3,1.0,0.8,1.0
collect_one_size7_comp0.2_grid2_base_medium,7,0.2,2,medium,base,base,collect_one,5,3,6,6,5,7,10,1,1,1,1,1,10,0,0,10,2.0,1.0,19.3,0.7357512953367875,0.8723404255319149,0.6917808219178082,0.0,0.531834757314297,1.041427604834307,0.631578947368421,0.27033002958636415,0.09630237896491767,0.7357512953367875,193,6.3,5.3,5.2,2.5,6.7,4.3,3.9,3.4,5.6,3.3,1.7,0.9
collect_one_size7_comp0.2_grid3_base_medium,7,0.2,3,medium,base,base,collect_one,3,5,6,6,3,3,6,1,1,1,1,1,10,0,0,10,2.0,1.0,13.3,0.706766917293233,0.9375,0.6336633663366337,0.0,0.45661279896574014,0.703677835572789,0.42105263157894735,0.30697418608011845,0.16460177249650934,0.706766917293233,133,4.3,3.4,1.3,4.3,4.1,2.9,4.1,1.2,2.3,1.2,0.9,0.5
collect_one_size7_comp0.2_grid4_base_medium,7,0.2,4,medium,base,base,collect_one,6,4,4,4,3,5,9,1,1,1,1,1,10,0,0,10,2.0,1.0,12.8,0.8203125,0.9318181818181818,0.7619047619047619,0.0,0.7182567432567433,0.44685072745230253,0.4375,0.5206545405932388,0.24590322871572876,0.8203125,128,1.4,4.3,3.3,3.8,4.9,2.0,4.3,0.6,1.5,0.6,0.3,0.8
collect_one_size7_comp0.2_grid5_base_medium,7,0.2,5,medium,base,base,collect_one,3,3,4,4,3,3,6,1,1,1,1,1,10,0,0,10,2.0,1.0,12.1,0.7272727272727273,0.9411764705882353,0.6436781609195402,0.0,0.5114935064935064,0.8097562426696123,0.5294117647058824,0.25444040516214683,0.1631588999236058,0.7272727272727273,121,4.0,1.7,5.3,1.1,3.6,2.5,3.4,1.6,2.8,1.6,1.7,0.5
collect_one_size7_comp0.2_grid6_base_medium,7,0.2,6,medium,base,base,collect_one,3,4,3,3,4,3,7,1,1,1,1,1,10,0,0,10,2.0,1.0,10.4,0.8269230769230769,0.8974358974358975,0.7846153846153846,0.0,0.6911616161616162,0.5933573165449013,0.5625,0.274237176765301,0.15134379509379514,0.8269230769230769,104,1.0,3.1,1.7,4.6,3.8,2.6,2.2,0.8,1.3,0.8,0.7,0.2
collect_one_size7_comp0.2_grid7_base_medium,7,0.2,7,medium,base,base,collect_one,4,4,4,4,7,3,7,1,1,1,1,1,10,0,0,10,2.0,0.9,20.2,0.6435643564356436,0.9761904761904762,0.55625,0.0,0.33740985708477966,0.9591078207011444,0.5625,0.32819940211230575,0.06544425941920136,0.6435643564356436,202,7.3,3.6,4.1,5.2,7.9,4.4,3.3,3.6,6.7,3.5,3.6,0.8
collect_one_size7_comp0.2_grid8_base_medium,7,0.2,8,medium,base,base,collect_one,3,7,4,4,4,4,7,1,1,1,1,1,10,0,0,10,2.0,1.0,16.1,0.7329192546583851,0.8653846153846154,0.6697247706422018,0.0,0.44407324014135163,0.9220348025893534,0.55,0.24895851625694831,0.1614897602397602,0.7329192546583851,161,3.8,4.8,5.9,1.6,5.7,3.5,3.1,2.8,4.1,2.8,1.8,0.3
collect_one_size7_comp0.2_grid9_base_medium,7,0.2,9,medium,base,base,collect_one,3,6,3,3,6,5,9,1,1,1,1,1,10,0,0,10,2.0,1.0,15.1,0.7615894039735099,0.8260869565217391,0.7333333333333333,0.0,0.6130676289654617,0.7697098096782219,0.41681477279283236,0.2681369127950397,0.15565804145349602,0.7615894039735099,151,5.6,1.1,3.8,4.6,7.4,3.2,2.0,1.5,3.3,1.5,0.9,1.3
collect_one_size7_comp0.4_grid0_base_medium,7,0.4,0,medium,base,base,collect_one,8,7,3,3,6,3,10,1,1,1,1,1,10,0,0,10,2.0,0.9,21.2,0.7169811320754716,0.958904109589041,0.5899280575539568,0.0,0.454669818485608,1.1405370017131793,0.4,0.298606794743794,0.24821159834317727,0.7169811320754716,212,3.1,7.2,5.5,5.4,6.6,5.0,4.6,4.0,8.4,4.0,2.6,0.7
collect_one_size7_comp0.4_grid1_base_medium,7,0.4,1,medium,base,base,collect_one,3,7,6,6,3,5,6,1,1,1,1,1,10,0,0,10,2.0,1.0,16.1,0.6770186335403726,0.9375,0.6124031007751938,0.0,0.38370600414078676,0.8065160667009157,0.4,0.20478377624161023,0.1332754282754283,0.6770186335403726,161,2.8,4.8,6.2,2.3,5.9,3.7,3.7,1.8,4.4,1.7,1.1,0.3
collect_one_size7_comp0.4_grid2_base_medium,7,0.4,2,medium,base,base,collect_one,3,3,4,4,5,3,6,1,1,1,1,1,10,0,0,10,2.0,1.0,16.4,0.6829268292682927,0.9166666666666666,0.6171875,0.0,0.385013013302487,0.9730187567482627,0.2857142857142857,0.27259835583862607,0.19817759879871677,0.6829268292682927,164,4.9,6.0,1.0,4.5,6.6,2.9,2.8,3.1,6.2,2.9,2.0,0.8
collect_one_size7_comp0.4_grid3_base_medium,7,0.4,3,medium,base,base,collect_one,5,6,5,5,6,3,9,1,1,1,1,1,10,0,0,10,2.0,0.9,20.8,0.6971153846153846,0.9253731343283582,0.5886524822695035,0.0,0.4166698162518596,1.130423287913006,0.3333333333333333,0.2784428697696199,0.09985912872688232,0.6971153846153846,208,5.1,4.9,7.0,3.8,4.2,6.1,5.3,4.2,9.3,4.0,2.3,0.7
collect_one_size7_comp0.4_grid4_base_medium,7,0.4,4,medium,base,base,collect_one,4,3,3,3,7,6,9,1,1,1,1,1,10,0,0,10,2.0,1.0,16.0,0.75625,0.8918918918918919,0.7154471544715447,0.0,0.5821719327583172,0.8788226715961289,0.2,0.20093106954820036,0.22235984627288974,0.75625,160,4.5,2.7,5.0,3.8,6.9,2.5,3.3,2.3,6.5,2.3,2.1,0.8
collect_one_size7_comp0.4_grid5_base_medium,7,0.4,5,medium,base,base,collect_one,3,3,6,6,5,3,6,1,1,1,1,1,10,0,0,10,2.0,1.0,18.7,0.6256684491978609,0.75,0.5827338129496403,0.0,0.3290705931495405,0.9397926834208747,0.3333333333333333,0.3005043743937244,0.22265877126988237,0.6256684491978609,187,5.0,6.0,2.6,5.1,6.0,3.8,4.6,3.3,6.9,3.1,1.4,1.3
collect_one_size7_comp0.4_grid6_base_medium,7,0.4,6,medium,base,base,collect_one,7,4,5,5,3,4,8,1,1,1,1,1,10,0,1,9,1.9,1.0,15.0,0.7533333333333333,0.9318181818181818,0.6792452830188679,0.0,0.5665079365079364,0.529357465979799,0.3333333333333333,0.1806150904859541,0.08117405943492903,0.7533333333333333,150,4.1,1.9,2.6,6.4,6.4,2.6,2.1,2.9,4.1,2.8,2.0,0.4
collect_one_size7_comp0.4_grid7_base_medium,7,0.4,7,medium,base,base,collect_one,3,6,3,3,3,6,6,1,1,1,1,1,10,0,0,10,2.0,1.0,16.7,0.6526946107784432,0.782608695652174,0.6033057851239669,0.0,0.36536566800633297,1.0292490885272767,0.3333333333333333,0.24211345618913283,0.26610560286694357,0.6526946107784432,167,4.1,5.2,2.2,5.1,4.1,3.7,5.2,2.5,6.1,2.3,2.8,0.8
collect_one_size7_comp0.4_grid8_base_medium,7,0.4,8,medium,base,base,collect_one,3,4,5,5,3,4,6,1,1,1,1,1,10,0,1,9,1.9,1.0,15.6,0.6794871794871795,0.8947368421052632,0.6101694915254238,0.0,0.39749469828417194,0.9087233166143011,0.26666666666666666,0.21203170228054477,0.19150482415188297,0.6794871794871795,156,2.3,6.2,3.6,3.5,4.0,3.0,4.1,3.5,5.9,3.5,2.0,0.6
collect_one_size7_comp0.4_grid9_base_medium,7,0.4,9,medium,base,base,collect_one,6,3,3,3,10,7,10,1,1,1,1,1,10,0,0,10,2.0,1.0,19.4,0.7268041237113402,0.9090909090909091,0.6894409937888198,0.0,0.5219709813750061,1.0260553170828661,0.26666666666666666,0.25772288544108746,0.16527072681534924,0.7268041237113402,194,3.0,5.8,5.5,5.1,7.8,3.3,5.1,2.2,7.4,2.0,3.4,1.2
collect_one_size9_comp0.0_grid0_base_medium,9,0.0,0,medium,base,base,collect_one,6,9,7,7,4,3,10,1,1,1,1,1,10,0,1,9,1.9,1.0,18.3,0.7704918032786885,0.9411764705882353,0.6695652173913044,0.0,0.5689014202172097,0.8379128736355054,0.7037037037037037,0.22835133726603316,0.20483672705894926,0.7704918032786885,183,1.7,6.8,2.4,7.4,6.7,3.9,5.1,1.6,2.6,1.5,0.8,0.1
collect_one_size9_comp0.0_grid1_base_medium,9,0.0,1,medium,base,base,collect_one,8,5,3,3,4,3,8,1,1,1,1,1,10,0,0,10,2.0,1.0,15.0,0.7733333333333333,0.9047619047619048,0.6781609195402298,0.0,0.5539889579020014,0.7272318838811626,0.7142857142857143,0.41617565457849226,0.19333900226757372,0.7733333333333333,150,5.0,2.9,4.6,2.5,5.7,3.7,3.4,1.2,2.0,1.2,0.6,0.2
collect_one_size9_comp0.0_grid2_base_medium,9,0.0,2,medium,base,base,collect_one,3,4,7,7,8,3,7,1,1,1,1,1,10,0,0,10,2.0,1.0,22.0,0.65,0.8846153846153846,0.5773809523809523,0.0,0.32512002504861337,0.9660994197090766,0.71875,0.23904457503350482,0.16088723368135133,0.65,220,5.1,9.7,3.6,3.6,9.7,5.6,4.3,1.4,6.5,1.4,1.5,0.4
collect_one_size9_comp0.0_grid3_base_medium,9,0.0,3,medium,base,base,collect_one,6,4,10,10,6,8,12,1,1,1,1,1,10,0,0,10,2.0,1.0,24.9,0.7309236947791165,0.8627450980392157,0.696969696969697,0.0,0.49899264882773126,0.9536634034852707,0.75,0.32795246543676354,0.1321872934618033,0.7309236947791165,249,2.5,8.3,7.9,6.2,9.4,5.7,6.0,2.8,4.8,2.8,1.4,0.5
collect_one_size9_comp0.0_grid4_base_medium,9,0.0,4,medium,base,base,collect_one,9,5,6,6,6,8,13,1,1,1,1,1,10,0,0,10,2.0,1.0,23.5,0.7829787234042553,0.8522727272727273,0.7414965986394558,0.0,0.5815050603476088,0.9845256989266089,0.7272727272727273,0.33144391601193596,0.13053587826315097,0.7829787234042553,235,6.6,6.3,6.8,3.8,10.2,5.4,5.1,1.8,4.1,1.8,0.4,0.3
collect_one_size9_comp0.0_grid5_base_medium,9,0.0,5,medium,base,base,collect_one,5,6,7,7,3,4,8,1,1,1,1,1,10,0,0,10,2.0,1.0,19.0,0.6894736842105263,0.9807692307692307,0.5797101449275363,0.0,0.42680876880257684,0.7896198415175809,0.6666666666666666,0.34913571759280887,0.2083632190249837,0.6894736842105263,190,7.5,2.7,5.4,3.4,6.2,4.8,4.9,2.1,4.0,1.8,1.7,0.8
collect_one_size9_comp0.0_grid6_base_medium,9,0.0,6,medium,base,base,collect_one,3,4,5,5,6,9,9,1,1,1,1,1,10,0,0,10,2.0,1.0,17.9,0.7374301675977654,0.96875,0.6870748299319728,0.0,0.5044427244582044,0.6247508758545139,0.7647058823529411,0.21271177985296547,0.07673372379254732,0.7374301675977654,179,4.1,8.2,0.1,5.5,8.8,3.8,3.3,1.0,2.0,1.0,0.7,0.5
collect_one_size9_comp0.0_grid7_base_medium,9,0.0,7,medium,base,base,collect_one,8,6,4,4,8,4,10,1,1,1,1,1,10,0,0,10,2.0,1.0,22.3,0.7130044843049327,0.9545454545454546,0.6114649681528662,0.0,0.45500415763573654,0.5964549700321716,0.8,0.4489839484961967,0.1369272883978766,0.7130044843049327,223,4.5,7.0,6.4,4.4,10.7,6.1,3.1,1.4,3.7,1.4,0.7,0.5
collect_one_size9_comp0.0_grid8_base_medium,9,0.0,8,medium,base,base,collect_one,4,7,7,7,3,10,7,1,1,1,1,1,10,0,0,10,2.0,1.0,34.9,0.5873925501432665,0.9523809523809523,0.5374592833876222,0.0,0.2073926298847084,1.2128297475705618,0.8,0.42127406695943426,0.2939035601290503,0.5873925501432665,349,10.7,12.7,6.0,5.5,11.2,7.8,7.2,7.7,15.7,7.5,2.4,0.9
collect_one_size9_comp0.0_grid9_base_medium,9,0.0,9,medium,base,base,collect_one,5,5,6,6,5,9,10,1,1,1,1,1,10,0,0,10,2.0,1.0,27.1,0.6826568265682657,0.9310344827586207,0.6150234741784038,0.0,0.38021843747650197,0.9755755284731983,0.75,0.3021837843064397,0.0871455344728371,0.6826568265682657,271,4.7,6.6,8.9,6.9,9.1,6.7,6.9,3.4,9.4,3.4,1.5,0.1
collect_one_size9_comp0.2_grid0_base_medium,9,0.2,0,medium,base,base,collect_one,9,4,5,5,6,5,9,1,1,1,1,1,10,0,0,10,2.0,1.0,19.9,0.7135678391959799,0.9761904761904762,0.643312101910828,0.0,0.46472215730157573,0.8872961060987247,0.5925925925925926,0.3106368819962163,0.1489265364265364,0.7135678391959799,199,1.7,5.8,5.5,6.6,6.7,5.1,5.3,1.2,3.7,1.2,1.4,0.2
collect_one_size9_comp0.2_grid1_base_medium,9,0.2,1,medium,base,base,collect_one,6,5,11,11,4,7,10,1,1,1,1,1,10,0,0,10,2.0,1.0,32.0,0.596875,0.7325581395348837,0.5470085470085471,0.0,0.3216303664800787,0.9874251522646803,0.5388354651498212,0.44205670421298277,0.1474684230498184,0.596875,320,7.1,10.5,7.0,6.7,12.9,7.1,6.4,3.3,10.4,3.2,1.7,3.3
collect_one_size9_comp0.2_grid2_base_medium,9,0.2,2,medium,base,base,collect_one,6,3,5,5,8,3,6,1,1,1,1,1,9,0,0,9,2.0,1.0,22.333333333333332,0.6119402985074627,0.8787878787878788,0.5595238095238095,0.0,0.27372098619238205,1.113092589415055,0.5263157894736842,0.36534419939253254,0.15440118017517393,0.6119402985074627,201,6.888888888888889,3.7777777777777777,5.444444444444445,6.111111111111111,8.333333333333334,4.333333333333333,5.222222222222222,3.2222222222222223,7.888888888888889,3.111111111111111,1.7777777777777777,0.8888888888888888
collect_one_size9_comp0.2_grid3_base_medium,9,0.2,3,medium,base,base,collect_one,7,8,3,3,3,6,10,1,1,1,1,1,10,0,0,10,2.0,1.0,22.9,0.6986899563318777,0.8090909090909091,0.5966386554621849,0.0,0.4474843425072258,0.781845068855605,0.6666666666666666,0.25731256716863654,0.14685774504615084,0.6986899563318777,229,2.8,9.0,7.2,3.4,5.5,7.5,4.3,3.6,7.5,3.6,1.9,0.4
collect_one_size9_comp0.2_grid4_base_medium,9,0.2,4,medium,base,base,collect_one,5,7,10,10,7,3,10,1,1,1,1,1,10,1,0,9,1.8,0.9,23.0,0.6956521739130435,0.8285714285714286,0.6375,0.0,0.384443173150267,0.8836981251244178,0.6666666666666666,0.39634667940184337,0.18879104901832178,0.6956521739130435,230,4.2,8.0,3.9,6.4,10.4,2.5,5.4,2.7,5.0,2.6,0.9,0.7
collect_one_size9_comp0.2_grid5_base_medium,9,0.2,5,medium,base,base,collect_one,5,5,4,4,3,7,8,1,1,1,1,1,10,0,0,10,2.0,1.0,17.6,0.7272727272727273,0.9032258064516129,0.631578947368421,0.0,0.46783907183287987,0.9260036380653087,0.5,0.24778051085725394,0.2239711269123034,0.7272727272727273,176,7.6,3.2,2.3,4.5,7.8,4.1,3.2,1.5,3.7,1.5,1.2,0.8
collect_one_size9_comp0.2_grid6_base_medium,9,0.2,6,medium,base,base,collect_one,6,5,7,7,5,4,9,1,1,1,1,1,10,0,0,10,2.0,1.0,28.8,0.625,0.8571428571428571,0.5504587155963303,0.0,0.32602759257237934,0.9233957096437042,0.449462946454327,0.2707878264154996,0.15536698730528894,0.625,288,10.6,5.8,8.0,3.6,8.7,6.2,6.3,5.1,12.0,4.8,3.1,1.6
collect_one_size9_comp0.2_grid7_base_medium,9,0.2,7,medium,base,base,collect_one,7,4,7,7,4,3,7,1,1,1,1,1,10,0,3,7,1.7,1.0,22.1,0.6380090497737556,0.7654320987654321,0.5642857142857143,0.0,0.38312415824915824,0.8871215469806617,0.375,0.3005035801529667,0.08361008544832071,0.6380090497737556,221,3.8,6.2,3.9,7.2,7.4,3.4,4.5,3.8,9.5,3.8,2.5,1.1
collect_one_size9_comp0.2_grid8_base_medium,9,0.2,8,medium,base,base,collect_one,3,9,6,6,3,5,6,1,1,1,1,1,10,0,0,10,2.0,1.0,15.7,0.6815286624203821,0.96875,0.608,0.0,0.39099453178400545,0.6311582270568018,0.5,0.3771550751967215,0.11245837495837496,0.6815286624203821,157,6.2,2.0,3.8,3.7,6.8,3.0,4.2,0.7,1.9,0.7,0.4,0.3
collect_one_size9_comp0.2_grid9_base_medium,9,0.2,9,medium,base,base,collect_one,6,3,3,3,3,4,7,1,1,1,1,1,10,0,0,10,2.0,1.0,10.8,0.8055555555555556,0.7954545454545454,0.8125,0.0,0.6647552447552447,0.7374728543971886,0.38461538461538464,0.17589881339989347,0.08837039029346722,0.8055555555555556,108,6.6,0.3,2.5,1.4,3.7,1.9,3.3,0.9,1.4,0.9,0.0,0.4
collect_one_size9_comp0.4_grid0_base_medium,9,0.4,0,medium,base,base,collect_one,9,8,5,5,4,9,13,1,1,1,1,1,7,0,0,7,2.0,1.0,28.428571428571427,0.7236180904522613,0.7075471698113207,0.7419354838709677,0.0,0.47901673827425706,0.8332121990770527,0.3620300781475361,0.4001432107559412,0.04026650432900432,0.7236180904522613,199,6.285714285714286,9.571428571428571,7.857142857142857,4.285714285714286,13.714285714285714,5.857142857142857,3.4285714285714284,3.5714285714285716,8.714285714285714,3.5714285714285716,1.4285714285714286,2.7142857142857144
collect_one_size9_comp0.4_grid1_base_medium,9,0.4,1,medium,base,base,collect_one,9,5,8,8,3,9,12,1,1,1,1,1,7,0,0,7,2.0,1.0,27.285714285714285,0.6701570680628273,0.7183098591549296,0.6416666666666667,0.0,0.4585030023739701,1.020573507733512,0.45161290322580644,0.38885706659115676,0.1522622986332664,0.6701570680628273,191,5.285714285714286,9.571428571428571,5.714285714285714,5.714285714285714,9.285714285714286,5.714285714285714,5.714285714285714,3.7142857142857144,9.428571428571429,2.857142857142857,2.142857142857143,2.857142857142857
collect_one_size9_comp0.4_grid2_base_medium,9,0.4,2,medium,base,base,collect_one,6,3,7,7,3,6,9,1,1,1,1,1,8,0,0,8,2.0,1.0,20.0,0.68125,0.9655172413793104,0.6183206106870229,0.0,0.48304031326729535,0.6680367225591399,0.4,0.23730181279596466,0.14075879675879677,0.68125,160,2.125,7.125,2.875,7.0,8.375,2.5,3.5,3.125,6.75,3.125,1.375,0.875
collect_one_size9_comp0.4_grid3_base_medium,9,0.4,3,medium,base,base,collect_one,8,8,4,4,5,7,13,1,1,1,1,1,8,1,0,7,1.75,0.875,22.125,0.7344632768361582,0.8589743589743589,0.6363636363636364,0.0,0.4962609649122807,0.7878830136644148,0.48148148148148145,0.4105906855165006,0.2295725032653137,0.7344632768361582,177,6.125,3.875,5.25,6.125,8.0,4.0,4.875,2.75,7.75,2.75,1.75,0.625
collect_one_size9_comp0.4_grid4_base_medium,9,0.4,4,medium,base,base,collect_one,5,3,6,6,3,9,8,1,1,1,1,1,8,0,0,8,2.0,1.0,26.75,0.6401869158878505,0.7121212121212122,0.6081081081081081,0.0,0.3441358579421783,0.8100326680483654,0.37037037037037035,0.26625206163207277,0.13890295736700967,0.6401869158878505,214,6.75,11.25,2.0,5.875,12.0,3.625,3.625,4.75,12.75,4.5,2.75,1.125
collect_one_size9_comp0.4_grid5_base_medium,9,0.4,5,medium,base,base,collect_one,3,3,6,6,9,3,6,1,1,1,1,1,7,0,0,7,2.0,1.0,26.142857142857142,0.5355191256830601,1.0,0.47530864197530864,0.0,0.2326705825527843,0.9291209578177546,0.4782608695652174,0.2956620523565163,0.1772381603903343,0.5355191256830601,183,10.285714285714286,6.142857142857143,6.142857142857143,2.857142857142857,11.285714285714286,5.285714285714286,4.285714285714286,3.0,12.428571428571429,2.857142857142857,4.428571428571429,3.4285714285714284
collect_one_size9_comp0.4_grid6_base_medium,9,0.4,6,medium,base,base,collect_one,4,6,6,6,3,3,7,1,1,1,1,1,8,0,0,8,2.0,1.0,19.875,0.6477987421383647,0.8666666666666667,0.5614035087719298,0.0,0.3674699786180975,0.9338725429117309,0.5384615384615384,0.36433109828390386,0.17538919413919413,0.6477987421383647,159,6.0,4.125,5.125,4.25,5.875,6.5,3.5,2.25,5.0,2.25,1.75,1.0
collect_one_size9_comp0.4_grid7_base_medium,9,0.4,7,medium,base,base,collect_one,3,4,5,5,6,5,9,1,1,1,1,1,9,0,0,9,2.0,1.0,18.0,0.7160493827160493,0.8378378378378378,0.68,0.0,0.5147226281817074,0.7124424228816456,0.34477102276005256,0.3656165232079129,0.19410501115046572,0.7160493827160493,162,5.555555555555555,3.3333333333333335,4.777777777777778,3.888888888888889,6.777777777777778,2.5555555555555554,4.444444444444445,2.4444444444444446,5.0,2.3333333333333335,1.5555555555555556,0.7777777777777778
collect_one_size9_comp0.4_grid8_base_medium,9,0.4,8,medium,base,base,collect_one,6,5,9,9,5,4,9,1,1,1,1,1,8,0,0,8,2.0,1.0,30.75,0.6219512195121951,0.8064516129032258,0.5597826086956522,0.0,0.3144459436567468,1.0618042054775763,0.3793103448275862,0.2682753001362295,0.1823829427277703,0.6219512195121951,246,6.375,9.5,6.0,8.125,10.25,5.875,6.5,5.625,14.0,5.25,2.25,1.25
collect_one_size9_comp0.4_grid9_base_medium,9,0.4,9,medium,base,base,collect_one,6,4,8,8,9,3,7,1,1,1,1,1,6,0,0,6,2.0,1.0,33.166666666666664,0.5778894472361809,0.96,0.5229885057471264,0.0,0.21467748971340925,0.8694269410105339,0.39285714285714285,0.24751783009148992,0.11937675711310165,0.5778894472361809,199,5.166666666666667,10.333333333333334,8.666666666666666,8.333333333333334,11.833333333333334,6.666666666666667,6.833333333333333,5.5,15.0,5.0,3.3333333333333335,1.1666666666666667
