grid_id,grid_size,density,instance_id,reasoning_effort,transform_type,trajectory_category,start_to_coin_distance,coin_to_goal_distance,start_to_goal_via_coin_distance,start_to_goal_distance,coin_detour_distance,coin_reachable_from_start,goal_reachable_from_start,goal_reachable_from_coin,num_trajectories,num_coin_collected,num_goal_after_coin,num_goal_only,coin_collected_rate,goal_after_coin_rate,goal_only_rate,full_success_rate,mean_trajectory_length,mean_action_accuracy,mean_action_accuracy_phase1,mean_action_accuracy_phase2,spl,mean_entropy,mean_optimal_entropy,mean_jsd,mean_entropy_phase1,mean_optimal_entropy_phase1,mean_jsd_phase1,mean_entropy_phase2,mean_optimal_entropy_phase2,mean_jsd_phase2,ece,mean_step_accuracy,total_steps,mean_actions_up,mean_actions_down,mean_actions_left,mean_actions_right,mean_steps_front,mean_steps_left_turn,mean_steps_right_turn,mean_steps_back,mean_cell_revisits,mean_immediate_revisits,mean_coin_oscillations,mean_invalid_actions,mean_quadrant_fraction_ul,mean_quadrant_fraction_ur,mean_quadrant_fraction_dl,mean_quadrant_fraction_dr,preferred_quadrant,mean_quadrant_entropy,mean_corner_fraction_ul,mean_corner_fraction_ur,mean_corner_fraction_dl,mean_corner_fraction_dr,preferred_corner,mean_max_corner_dwell_run,worst_max_corner_dwell_run,mean_preferred_quadrant_contains_start,mean_preferred_quadrant_contains_coin,mean_preferred_corner_contains_start,mean_preferred_corner_contains_goal,mean_preferred_corner_contains_coin
size11_comp0.0_grid0_base_low,11,0.0,0,low,base,base,4,4,8,6,1,1,1,1,10,7,1,2,0.7,0.1,0.2,0.1,53.9,0.44712430426716143,0.4921259842519685,0.4070175438596491,0.016666666666666666,1.0719782121865782,0.7682926829268293,0.4879872152411178,1.039101902748493,0.7058823529411765,0.3887874499482901,1.0952655980385553,0.8125,0.5582537156568709,0.19551679520100082,0.44712430426716143,539,14.6,14.7,11.5,13.0,13.8,12.5,12.5,13.9,30.9,12.7,0.5,4.4,0.09091491841491842,0.6131585081585081,0.1414568764568765,0.15446969696969698,UR,0.9771667122114103,0.0,0.10179597701149426,0.0078125,0.003125,UR,4.2,29,0.0,0.6,0.0,0.0,0.0
size11_comp0.0_grid1_base_low,11,0.0,1,low,base,base,8,10,18,6,6,1,1,1,10,0,0,0,0.0,0.0,0.0,0.0,64.0,0.346875,0.346875,0.0,0.0,1.1680294597053742,0.7333333333333333,0.5033193760878684,1.1680294597053742,0.7333333333333333,0.5033193760878684,0.0,0.0,0.0,0.1998212836151101,0.346875,640,28.0,7.8,14.4,13.6,19.3,15.1,15.9,12.3,50.7,9.7,0.0,21.9,0.08148697643054956,0.9185130235694506,0.0,0.0,UR,0.31635181987591415,0.0015625,0.4703125,0.0,0.0,UR,14.8,31,1.0,0.0,0.0,0.0,0.0
size11_comp0.0_grid2_base_low,11,0.0,2,low,base,base,7,5,12,8,2,1,1,1,10,0,0,0,0.0,0.0,0.0,0.0,64.0,0.3703125,0.3703125,0.0,0.0,1.1678141219479714,0.9696969696969697,0.6097575735768576,1.1678141219479714,0.9696969696969697,0.6097575735768576,0.0,0.0,0.0,0.23167066644448828,0.3703125,640,23.6,11.1,12.6,16.6,16.5,15.6,16.3,14.5,46.8,12.3,0.0,13.0,0.09990976251991593,0.9000902374800841,0.0,0.0,UR,0.42821177946174893,0.0078125,0.2171875,0.0,0.0,UR,7.5,20,0.0,0.0,0.0,0.0,0.0
size11_comp0.0_grid3_base_low,11,0.0,3,low,base,base,7,5,12,6,3,1,1,1,10,0,0,5,0.0,0.0,0.5,0.0,47.6,0.46008403361344535,0.46008403361344535,0.0,0.0,1.3366716861167998,0.86,0.453607386715188,1.3366716861167998,0.86,0.453607386715188,0.0,0.0,0.0,0.1147657138183454,0.46008403361344535,476,13.1,10.0,10.0,14.5,12.3,11.3,10.8,12.2,28.5,11.3,0.0,4.0,0.32736267357744053,0.5345791666662866,0.05961048130859452,0.07844767844767846,UR,0.9544569060546495,0.0,0.18198529411764705,0.0,0.0,UR,3.2,14,0.4,0.0,0.0,0.0,0.0
size11_comp0.0_grid4_base_low,11,0.0,4,low,base,base,7,3,10,6,2,1,1,1,10,2,2,4,0.2,0.2,0.4,0.2,44.7,0.47651006711409394,0.468384074941452,0.65,0.07729468599033816,1.1662312478272252,0.7636363636363637,0.42428825109440943,1.1824272600561927,0.7755102040816326,0.4411169872532575,1.0339638146239893,0.6666666666666666,0.2868535724638173,0.0772937033981771,0.47651006711409394,447,12.1,7.4,9.4,15.8,12.1,11.2,10.6,9.8,25.6,9.2,0.6,4.8,0.3778379910423254,0.4323420336113835,0.17553426106057685,0.014285714285714285,UR,0.9299907214176016,0.0075,0.14375,0.0,0.0,UR,7.2,25,0.3,0.0,0.0,0.0,0.0
size11_comp0.0_grid5_base_low,11,0.0,5,low,base,base,4,7,11,7,2,1,1,1,10,0,0,3,0.0,0.0,0.3,0.0,49.5,0.35555555555555557,0.35555555555555557,0.0,0.0,1.2268788369891979,0.8536585365853658,0.5635777836461185,1.2268788369891979,0.8536585365853658,0.5635777836461185,0.0,0.0,0.0,0.34803045599947424,0.35555555555555557,495,16.6,8.5,9.1,15.2,12.0,11.6,12.6,12.1,32.6,11.0,0.0,8.5,0.2691074419555266,0.7261306532825686,0.0047619047619047615,0.0,UR,0.5678744440865179,0.0015625,0.338383152173913,0.0,0.0,UR,13.1,32,0.1,0.0,0.0,0.0,0.0
size11_comp0.0_grid6_base_low,11,0.0,6,low,base,base,4,10,14,6,4,1,1,1,10,5,4,0,0.5,0.4,0.0,0.4,56.6,0.5176678445229682,0.47540983606557374,0.782051282051282,0.13192592592592595,0.9662638268706708,0.7701149425287356,0.3407166411513399,1.2724011970061782,0.7735849056603774,0.3766428868230349,0.48904969107120333,0.7647058823529411,0.2847139640748743,0.0821011393740122,0.5176678445229682,566,15.0,10.7,13.0,17.7,13.8,13.3,13.5,14.7,32.2,13.8,0.3,3.0,0.10790551747014594,0.44126656431803496,0.24492510420722496,0.20590281400459415,UR,1.2153196536593087,0.0,0.0625,0.0,0.011423280423280422,UR,2.9,8,0.1,0.1,0.0,0.0,0.0
size11_comp0.0_grid7_base_low,11,0.0,7,low,base,base,8,5,13,5,4,1,1,1,10,4,0,2,0.4,0.0,0.2,0.0,57.6,0.5208333333333334,0.5480093676814989,0.4429530201342282,0.0,1.2764064141772453,0.8133333333333334,0.410680727607025,1.3213737312164968,0.7735849056603774,0.3476898665016075,1.1680760594917756,0.9090909090909091,0.5624314384518945,0.04825098975098973,0.5208333333333334,576,16.0,12.0,11.5,18.1,15.0,12.6,15.3,13.7,33.1,12.8,1.1,2.1,0.04189917512898879,0.4226326238047947,0.36953904418114386,0.16592915688507265,UR,1.1564714276286834,0.0,0.1109375,0.025,0.003125,UR,4.9,15,0.4,0.0,0.0,0.0,0.0
size11_comp0.0_grid8_base_low,11,0.0,8,low,base,base,6,6,12,6,3,1,1,1,10,6,3,0,0.6,0.3,0.0,0.3,57.3,0.5200698080279232,0.4965986394557823,0.5984848484848485,0.1118461177574478,1.115495048705147,0.7073170731707317,0.3362566680786603,1.27707802209571,0.7,0.34162239447973375,0.8630216527823918,0.71875,0.327872720576983,0.060709632740734466,0.5200698080279232,573,17.4,10.3,13.0,16.6,12.9,15.6,13.6,14.2,32.8,12.9,0.4,4.5,0.2916147019646774,0.4137755885831118,0.2201531166104203,0.07445659284179049,UR,1.2761368621962597,0.023599137931034485,0.08125,0.0,0.0,UR,4.4,18,0.3,0.2,0.0,0.0,0.0
size11_comp0.0_grid9_base_low,11,0.0,9,low,base,base,7,8,15,7,4,1,1,1,10,3,1,1,0.3,0.1,0.1,0.1,56.1,0.46524064171123,0.45582329317269077,0.5396825396825397,0.04285714285714286,0.9844233118439959,0.7922077922077922,0.39357388582187386,1.1887831116534675,0.7884615384615384,0.3894524596684215,0.5593549282402948,0.8,0.4021464522210547,0.08822828274429391,0.46524064171123,561,20.3,8.9,11.9,14.9,15.7,12.9,14.3,12.0,32.0,10.8,0.2,8.4,0.07251729751729752,0.6287924197119243,0.07537029098639006,0.22331999178438805,UR,0.949271389320765,0.0,0.2171875,0.0,0.015625,UR,7.0,15,0.0,0.1,0.0,0.0,0.0
size11_comp0.2_grid0_base_low,11,0.2,0,low,base,base,4,9,13,9,2,1,1,1,10,5,0,0,0.5,0.0,0.0,0.0,64.0,0.4078125,0.4109311740890688,0.3972602739726027,0.0,1.3512214097963382,0.6181818181818182,0.438909661800043,1.3441175701999544,0.5405405405405406,0.39408819589732624,1.365823746744461,0.7777777777777778,0.5310426750445163,0.15880871972301658,0.4078125,640,21.8,10.5,15.1,16.5,15.3,15.6,15.3,16.6,45.4,13.3,1.0,13.3,0.09176316170365122,0.9046654097249203,0.0,0.0035714285714285713,UR,0.29463910805075316,0.0,0.3171875,0.0,0.0,UR,10.0,19,1.0,0.0,0.0,0.0,0.0
size11_comp0.2_grid1_base_low,11,0.2,1,low,base,base,8,5,13,9,2,1,1,1,10,8,2,1,0.8,0.2,0.1,0.2,55.6,0.43345323741007197,0.46285714285714286,0.38349514563106796,0.08666666666666667,1.0595906755569016,0.5076923076923077,0.3798949567400609,1.0252832766978843,0.43902439024390244,0.37184755970684963,1.118199148607723,0.625,0.39364259333846346,0.1663733717102996,0.43345323741007197,556,19.9,7.4,18.1,10.1,15.7,16.6,11.8,10.3,37.4,8.3,3.9,15.5,0.2842877747215922,0.4919427744507325,0.024808184143222507,0.19896126668445283,UR,0.90072944050249,0.0015625,0.0296875,0.0,0.0,UR,1.8,7,0.1,0.0,0.0,0.0,0.0
size11_comp0.2_grid2_base_low,11,0.2,2,low,base,base,4,9,13,5,4,1,1,1,10,6,0,0,0.6,0.0,0.0,0.0,64.0,0.375,0.3968609865470852,0.3247422680412371,0.0,1.2891777686778643,0.5770747641645501,0.46592111281144716,1.3043658993993552,0.48847118057558764,0.4012995252824976,1.2570146683264711,0.7647058823529411,0.6027668275786344,0.16829483462839095,0.375,640,23.2,9.6,15.1,16.0,18.0,15.5,15.8,13.5,46.3,10.7,2.2,18.4,0.1470781569827534,0.8408149247782528,0.0,0.012106918238993711,UR,0.44336644442104356,0.0015625,0.2203125,0.0,0.0,UR,8.2,21,0.0,0.9,0.0,0.0,0.0
size11_comp0.2_grid3_base_low,11,0.2,3,low,base,base,4,8,12,4,4,1,1,1,10,4,1,0,0.4,0.1,0.0,0.1,60.2,0.46179401993355484,0.44685466377440347,0.5106382978723404,0.046153846153846156,1.206054699034252,0.6261179276410678,0.4128513125133548,1.2887938138348236,0.6193129902102187,0.4483954616096431,1.0372669048410859,0.64,0.34034124835692664,0.09180716649567384,0.46179401993355484,602,16.5,11.7,14.1,17.8,16.6,16.9,12.7,12.8,37.7,11.5,0.8,6.0,0.2825701393246568,0.5119257075506536,0.13121037899003415,0.0742937741346554,UR,1.0370648314735722,0.009375,0.0875,0.00625,0.0,UR,3.9,12,0.0,0.0,0.0,0.0,0.0
size11_comp0.2_grid4_base_low,11,0.2,4,low,base,base,8,11,19,11,4,1,1,1,10,0,0,3,0.0,0.0,0.3,0.0,51.8,0.3687258687258687,0.3687258687258687,0.0,0.0,1.1596739053407572,0.8108108108108109,0.5817329002049147,1.1596739053407572,0.8108108108108109,0.5817329002049147,0.0,0.0,0.0,0.32580897745815285,0.3687258687258687,518,14.9,11.6,7.7,17.4,12.1,12.7,12.2,13.4,33.3,10.8,0.0,8.1,0.2575139576767341,0.7282003280375516,0.0,0.014285714285714285,UR,0.6654902291951115,0.055134387351778655,0.3496603260869565,0.0,0.0,UR,15.0,41,0.3,0.0,0.0,0.0,0.0
size11_comp0.2_grid5_base_low,11,0.2,5,low,base,base,13,7,20,8,6,1,1,1,10,3,2,3,0.3,0.2,0.3,0.2,56.4,0.5390070921985816,0.5257142857142857,0.717948717948718,0.08003048780487805,1.0614422962382224,0.6050674657731823,0.3570470152859726,1.3377870938911984,0.6666666666666666,0.37037558691937966,0.42082481076995976,0.4622693182473778,0.3261489628630744,0.17067995696807348,0.5390070921985816,564,17.1,8.7,14.0,16.6,14.6,13.5,13.4,13.9,32.7,11.9,0.2,6.7,0.08586920589186303,0.28935138317841563,0.49291022275532975,0.13186918817439167,DL,1.2259784328746683,0.0015625,0.0421875,0.1128279858691444,0.0,DL,5.4,11,0.5,0.4,0.0,0.0,0.0
size11_comp0.2_grid6_base_low,11,0.2,6,low,base,base,11,5,16,6,5,1,1,1,10,2,0,3,0.2,0.0,0.3,0.0,52.6,0.49809885931558934,0.49298597194388777,0.5925925925925926,0.0,1.1279159419491978,0.6923076923076923,0.3916683321279227,1.3509066743655562,0.7450980392156863,0.3834419097876204,0.31559255957532073,0.5,0.4216360135104528,0.09249336457778941,0.49809885931558934,526,14.0,10.3,14.1,14.1,14.6,13.0,12.9,10.9,33.1,9.6,0.2,6.2,0.10105497483546264,0.1848273038448324,0.5936666629761259,0.12045105834357908,DL,0.9617032733967938,0.0,0.053125,0.0734375,0.0,DL,4.7,19,0.7,0.2,0.0,0.0,0.0
size11_comp0.2_grid7_base_low,11,0.2,7,low,base,base,9,10,19,5,8,1,1,1,10,8,0,0,0.8,0.0,0.0,0.0,64.0,0.4984375,0.5179372197309418,0.4536082474226804,0.0,1.2300389918920667,0.630998928592033,0.36397548808715857,1.2553998448606858,0.5833985000288462,0.3103701654608444,1.166636859470519,0.75,0.4979887946529441,0.11145918644929037,0.4984375,640,23.2,11.9,14.6,14.2,18.8,14.0,13.9,16.1,41.9,14.3,1.1,8.1,0.0888101604278075,0.6698091365811351,0.11857055898269794,0.12281014400835955,UR,0.7389647129062265,0.0,0.1765625,0.00625,0.003125,UR,5.5,15,0.0,0.0,0.0,0.0,0.0
size11_comp0.2_grid8_base_low,11,0.2,8,low,base,base,4,10,14,8,3,1,1,1,10,0,0,0,0.0,0.0,0.0,0.0,64.0,0.3640625,0.3640625,0.0,0.0,1.3080061514020058,0.6396240625180288,0.55063516885068,1.3080061514020058,0.6396240625180288,0.55063516885068,0.0,0.0,0.0,0.21123742487640243,0.3640625,640,19.3,10.3,14.3,20.0,15.7,14.9,16.2,16.0,43.4,13.5,0.0,10.4,0.26895722579830583,0.714355027166121,0.007992094861660078,0.008695652173913044,UR,0.7040562213757364,0.0109375,0.2,0.0,0.0,UR,7.2,14,0.2,0.0,0.0,0.0,0.0
size11_comp0.2_grid9_base_low,11,0.2,9,low,base,base,7,5,12,12,0,1,1,1,10,6,4,1,0.6,0.4,0.1,0.4,51.1,0.5009784735812133,0.49885057471264366,0.5131578947368421,0.12903587927982385,1.1895452012379297,0.5574650974494257,0.36307999467422086,1.278275488516052,0.5861456967567782,0.35949179259254693,0.8512609809900882,0.4481203125901445,0.3767600151106024,0.10131587739544798,0.5009784735812133,511,16.0,5.8,17.3,12.0,15.3,12.4,11.6,10.8,27.5,8.9,0.3,7.8,0.2967840761581795,0.3052313719279286,0.11687165775401069,0.2811128941598812,UR,1.4272578570102756,0.0340032588906639,0.0625,0.0,0.007472826086956522,UR,3.7,19,0.2,0.2,0.0,0.0,0.0
size11_comp0.4_grid0_base_low,11,0.4,0,low,base,base,7,10,17,3,7,1,1,1,10,0,0,2,0.0,0.0,0.2,0.0,53.9,0.4230055658627087,0.4230055658627087,0.0,0.0,1.4802975964299536,0.475,0.42593834192060703,1.4802975964299536,0.475,0.42593834192060703,0.0,0.0,0.0,0.1271017170617926,0.4230055658627087,539,14.0,9.0,14.9,15.9,13.0,13.0,12.2,14.6,38.7,12.2,0.0,8.9,0.0850103519668737,0.34826445293836594,0.36479452581401606,0.20193066928074424,DL,0.8230713571292888,0.0,0.015625,0.05625,0.0,DL,2.6,11,0.0,0.0,0.0,0.0,0.0
size11_comp0.4_grid1_base_low,11,0.4,1,low,base,base,3,6,9,3,3,1,1,1,10,1,1,5,0.1,0.1,0.5,0.1,45.7,0.36323851203501095,0.3534675615212528,0.8,0.02727272727272727,1.0748314223896491,0.5,0.3939984505514533,1.3960715261491619,0.5555555555555556,0.44217895266725143,0.1111111111111111,0.3333333333333333,0.24945694420405903,0.07745555911470808,0.36323851203501095,457,13.9,7.6,9.7,14.2,11.2,10.6,10.8,11.5,33.6,9.0,0.0,10.8,0.20912904300829002,0.0,0.7804476765684296,0.010423280423280423,DL,0.6304178539404652,0.0015625,0.0,0.02123940677966102,0.0,DL,1.1,5,0.9,0.9,0.0,0.0,0.0
size11_comp0.4_grid2_base_low,11,0.4,2,low,base,base,5,4,9,5,2,1,1,1,10,4,3,6,0.4,0.3,0.6,0.3,31.6,0.439873417721519,0.44129554655870445,0.43478260869565216,0.14314285714285716,0.8601998596545598,0.46875,0.37893978245336923,1.101631692103346,0.48717948717948717,0.37014440814665556,0.4835662010344536,0.44,0.3926605663718425,0.15808074176640355,0.439873417721519,316,5.9,5.6,7.4,12.5,8.7,7.4,7.0,7.1,19.2,5.2,0.5,7.5,0.5736337955829481,0.12043742509844205,0.2892621126519432,0.016666666666666666,UL,0.6909783763091102,0.009456040480708413,0.00744485294117647,0.0,0.0,UL,0.6,4,0.5,0.3,0.0,0.0,0.0
size11_comp0.4_grid3_base_low,11,0.4,3,low,base,base,12,9,21,3,9,1,1,1,10,1,0,6,0.1,0.0,0.6,0.0,38.8,0.47680412371134023,0.4889502762430939,0.3076923076923077,0.0,1.2211192369439434,0.46339850002884625,0.3932750362295821,1.2601590748517348,0.49232383724284445,0.3561949701242861,0.9813030897960825,0.2857142857142857,0.621052585162115,0.09435103791640465,0.47680412371134023,388,12.3,6.6,9.5,10.3,8.3,9.3,10.2,9.8,24.6,8.3,0.3,7.0,0.1641304347826087,0.1464186176142698,0.6625445930880713,0.02690635451505017,DL,0.6401563245313985,0.00425531914893617,0.0140625,0.07375419932810749,0.0,DL,2.3,7,0.7,0.1,0.0,0.0,0.0
size11_comp0.4_grid4_base_low,11,0.4,4,low,base,base,4,5,9,5,2,1,1,1,10,8,3,1,0.8,0.3,0.1,0.3,48.8,0.4651639344262295,0.4939759036144578,0.4351464435146444,0.09211744776962168,1.047325051489238,0.4626865671641791,0.39560549279973245,1.0709064221922207,0.475,0.39795829751158246,1.0123896874848195,0.4444444444444444,0.3921198561895843,0.0966895666522532,0.4651639344262295,488,13.2,7.9,11.3,16.3,14.3,11.9,10.6,10.9,27.9,9.6,1.1,8.9,0.25271332224685883,0.11060048320880458,0.5297459124448005,0.10694028209953603,DL,1.1811775958265285,0.0078125,0.0,0.0532711038961039,0.0,DL,2.3,6,0.6,0.0,0.0,0.0,0.0
size11_comp0.4_grid5_base_low,11,0.4,5,low,base,base,11,6,17,5,6,1,1,1,10,0,0,6,0.0,0.0,0.6,0.0,35.8,0.4776536312849162,0.4776536312849162,0.0,0.0,1.3906367910143103,0.4358974358974359,0.40158925067211787,1.3906367910143103,0.4358974358974359,0.40158925067211787,0.0,0.0,0.0,0.1276174561430972,0.4776536312849162,358,7.2,8.7,8.2,11.5,9.2,9.0,7.7,8.5,21.8,6.9,0.0,6.6,0.5905351115774871,0.390175788001337,0.007407407407407407,0.011881693013768485,UL,0.5746812624752312,0.060967816905316906,0.04660714285714286,0.0,0.0,UL,2.2,9,0.6,0.0,0.0,0.0,0.0
size11_comp0.4_grid6_base_low,11,0.4,6,low,base,base,5,8,13,9,2,1,1,1,10,2,0,0,0.2,0.0,0.0,0.0,64.0,0.35625,0.3544715447154472,0.4,0.0,0.9222733588355999,0.52,0.5265384845333541,1.1836224890834541,0.4722222222222222,0.48308158956139063,0.2502327381982604,0.6428571428571429,0.6382847858898314,0.12366519215248029,0.35625,640,19.8,10.1,15.1,18.7,16.0,16.0,15.0,15.5,49.4,12.5,0.1,16.7,0.08656264914336918,0.897158281089189,0.01627906976744186,0.0,UR,0.34850178837512125,0.0,0.2921875,0.0,0.0,UR,10.8,25,0.0,0.0,0.0,0.0,0.0
size11_comp0.4_grid7_base_low,11,0.4,7,low,base,base,6,3,9,7,2,1,1,1,10,6,6,0,0.6,0.6,0.0,0.6,53.8,0.4721189591078067,0.46881720430107526,0.4931506849315068,0.12141730690865367,1.3710482644117896,0.4265664216110484,0.3531331588640179,1.4037688130805637,0.4915365384985208,0.383362658798842,1.264706481238274,0.215413541726763,0.25488728407583944,0.19430811834412365,0.4721189591078067,538,11.5,15.8,11.4,15.1,13.4,14.6,11.7,13.1,35.4,11.2,1.0,8.7,0.0,0.6115226302338103,0.013043478260869565,0.37543389150532,UR,0.6655797745482751,0.0,0.15520800857178046,0.0,0.023684210526315787,UR,5.2,14,0.6,0.4,0.0,0.0,0.0
size11_comp0.4_grid8_base_low,11,0.4,8,low,base,base,8,5,13,3,5,1,1,1,10,0,0,1,0.0,0.0,0.1,0.0,58.4,0.2825342465753425,0.2825342465753425,0.0,0.0,1.3247695664931292,0.6521739130434783,0.5660260918533585,1.3247695664931292,0.6521739130434783,0.5660260918533585,0.0,0.0,0.0,0.32995272297461187,0.2825342465753425,584,18.6,10.8,8.9,19.6,16.6,15.4,12.0,12.4,45.2,8.4,0.0,20.4,0.4753432041660354,0.5246567958339645,0.0,0.0,UR,0.7748638460299575,0.128125,0.0,0.0,0.0,UL,3.3,8,0.3,0.0,0.0,0.0,0.0
size11_comp0.4_grid9_base_low,11,0.4,9,low,base,base,3,5,8,8,0,1,1,1,10,5,5,2,0.5,0.5,0.2,0.5,36.8,0.4157608695652174,0.3710247349823322,0.5647058823529412,0.15983899141793878,1.153868309459855,0.453125,0.4530735840566878,1.288885299513446,0.4772727272727273,0.5318406406923426,0.8568309313419548,0.4,0.2797860594582472,0.15751119540182038,0.4157608695652174,368,10.1,6.4,6.8,13.4,8.1,9.0,10.6,7.9,20.2,5.8,1.4,8.0,0.14063750161311137,0.2521837263910435,0.569678771995845,0.0375,DL,0.7341161236329267,0.0125,0.0296875,0.03587828947368421,0.0,DL,2.6,13,0.6,0.6,0.0,0.0,0.0
size11_comp0.6_grid0_base_low,11,0.6,0,low,base,base,8,3,11,7,3,1,1,1,10,3,2,4,0.3,0.2,0.4,0.2,47.0,0.44468085106382976,0.44761904761904764,0.42,0.03492063492063492,1.2294311564248186,0.2894736842105263,0.4152698766905696,1.336822780612187,0.32,0.38844562483619216,1.0229088022183406,0.23076923076923078,0.46685497641052626,0.10292709150337094,0.44468085106382976,470,15.0,7.7,12.0,12.2,11.0,11.1,12.5,11.2,32.9,9.3,0.2,11.2,0.02456140350877193,0.061111111111111116,0.89579715949685,0.018530325883267057,DL,0.2714255435034984,0.0,0.0046875,0.0727992277992278,0.0,DL,2.2,5,0.0,0.0,0.0,0.0,0.0
size11_comp0.6_grid1_base_low,11,0.6,1,low,base,base,11,6,17,7,6,1,1,1,10,2,0,0,0.2,0.0,0.0,0.0,64.0,0.35625,0.3563579277864992,0.3333333333333333,0.0,1.1996556504314049,0.26555277783119674,0.41313077473959076,1.2104771818305171,0.2757663462093197,0.41136088465160403,0.9182958340544896,0.0,0.4591479170272448,0.16739050383661613,0.35625,640,19.5,7.6,16.6,20.0,14.7,15.8,15.3,16.6,51.6,11.3,0.1,23.8,0.12511245281865027,0.027450980392156866,0.8474365667891929,0.0,DL,0.45779739182116785,0.0125,0.0,0.1984375,0.0,DL,5.7,15,1.0,0.0,0.0,0.0,0.0
size11_comp0.6_grid2_base_low,11,0.6,2,low,base,base,4,14,18,14,4,1,1,1,10,5,0,0,0.5,0.0,0.0,0.0,64.0,0.35,0.32013769363166955,0.6440677966101694,0.0,1.1208076865565648,0.3484848484848485,0.39877217789686364,1.3503503481538421,0.2826086956521739,0.45021643767585934,0.5928595648828272,0.5,0.2804503804051737,0.06738912772620764,0.35,640,16.9,13.2,14.7,19.2,16.9,16.6,15.5,14.0,45.6,9.0,0.8,22.7,0.5385778663692198,0.26047915117463993,0.15875,0.04219298245614035,UL,0.8594523694680033,0.021875,0.0265625,0.0,0.0,UR,2.3,12,0.5,0.5,0.0,0.0,0.0
size11_comp0.6_grid3_base_low,11,0.6,3,low,base,base,3,12,15,13,1,1,1,1,10,6,0,0,0.6,0.0,0.0,0.0,64.0,0.3546875,0.38202247191011235,0.3204225352112676,0.0,1.412946566462398,0.4584962500721156,0.51354493676155,1.504788574195807,0.4053409483504644,0.43023112475524866,1.2861171272114993,0.5319011905448721,0.6285973438178708,0.2057465351341102,0.3546875,640,22.4,9.4,14.9,17.1,15.4,15.9,16.8,14.6,46.7,11.3,1.0,16.2,0.016389811738648945,0.695197864192022,0.0,0.28841232406932904,UR,0.8132825505591554,0.0,0.3109375,0.0,0.0015625,UR,12.2,20,0.1,0.1,0.0,0.0,0.0
size11_comp0.6_grid4_base_low,11,0.6,4,low,base,base,5,7,12,10,1,1,1,1,10,1,0,0,0.1,0.0,0.0,0.0,64.0,0.3375,0.33495145631067963,0.4090909090909091,0.0,1.1887108498007752,0.2515733796429844,0.5310896667049099,1.49705140889714,0.30695030489563796,0.5169807972681056,0.2162521634199333,0.07692307692307693,0.5755868703132921,0.13351446576075662,0.3375,640,18.4,10.7,16.2,18.5,16.4,16.2,15.5,14.5,46.0,9.7,0.1,17.8,0.1861695134717447,0.596275762514819,0.09824561403508772,0.11930910997834868,UR,0.878066207314685,0.0,0.0890625,0.0265625,0.0,UR,4.9,11,0.0,0.0,0.0,0.0,0.0
size11_comp0.6_grid5_base_low,11,0.6,5,low,base,base,6,9,15,3,6,1,1,1,10,7,3,0,0.7,0.3,0.0,0.3,61.8,0.40614886731391586,0.3787575150300601,0.5210084033613446,0.08006143162393162,1.2666161671011549,0.2127659574468085,0.37078651267067053,1.4893139868892233,0.2413793103448276,0.42639649623028514,0.9078252352203783,0.16666666666666666,0.2811926502690691,0.21121144359877253,0.40614886731391586,618,16.0,13.2,16.4,16.2,16.9,15.3,13.7,14.9,46.9,11.4,2.5,20.3,0.08472669962031662,0.7394087657453168,0.0,0.17586453463436652,UR,0.7553343557391893,0.0,0.1490562678062678,0.0,0.0,UR,7.6,25,0.1,0.8,0.0,0.0,0.0
size11_comp0.6_grid6_base_low,11,0.6,6,low,base,base,10,7,17,7,7,1,1,1,10,3,0,2,0.3,0.0,0.2,0.0,58.5,0.4205128205128205,0.42105263157894735,0.4166666666666667,0.0,1.2129935953040214,0.2909090909090909,0.3809841495612626,1.3327557693203633,0.30952380952380953,0.3592115888671006,0.8260696484819938,0.23076923076923078,0.4513262687270168,0.11485855179667812,0.4205128205128205,585,13.9,13.5,12.8,18.1,13.3,14.5,14.0,15.3,41.4,10.9,1.0,15.5,0.1749834602033033,0.2110593145676402,0.6032726738877059,0.010684551341350601,DL,0.8467857161931864,0.0,0.0078125,0.00625,0.0,UR,0.9,4,0.5,0.4,0.0,0.0,0.0
size11_comp0.6_grid7_base_low,11,0.6,7,low,base,base,9,3,12,12,0,1,1,1,10,0,0,0,0.0,0.0,0.0,0.0,64.0,0.3,0.3,0.0,0.0,1.5897084188236437,0.4339642241627985,0.5506438318957978,1.5897084188236437,0.4339642241627985,0.5506438318957978,0.0,0.0,0.0,0.08279183472003131,0.3,640,21.8,8.4,18.1,15.6,16.5,16.8,14.3,15.2,47.5,10.1,0.0,20.6,0.02460059504462835,0.5864678403695753,0.017391304347826087,0.37154026023797015,UR,0.8724985520050179,0.0,0.059375,0.0,0.0,UR,2.3,15,0.2,0.0,0.0,0.0,0.0
size11_comp0.6_grid8_base_low,11,0.6,8,low,base,base,11,8,19,5,7,1,1,1,10,0,0,8,0.0,0.0,0.8,0.0,40.1,0.40399002493765584,0.40399002493765584,0.0,0.0,1.3393382746834963,0.375,0.41189397634610264,1.3393382746834963,0.375,0.41189397634610264,0.0,0.0,0.0,0.16499060186391296,0.40399002493765584,401,8.7,11.1,9.5,10.8,8.5,10.3,9.7,10.6,31.1,8.4,0.0,11.0,0.021693382800038772,0.9629220018153457,0.0,0.015384615384615385,UR,0.17826151387616157,0.0,0.32312071721343905,0.0,0.0,UR,5.2,12,1.0,0.0,0.0,0.0,0.0
size11_comp0.6_grid9_base_low,11,0.6,9,low,base,base,12,15,27,3,12,1,1,1,10,0,0,0,0.0,0.0,0.0,0.0,64.0,0.365625,0.365625,0.0,0.0,1.3628726657694636,0.29545454545454547,0.5262613946952184,1.3628726657694636,0.29545454545454547,0.5262613946952184,0.0,0.0,0.0,0.1478696836066489,0.365625,640,16.2,14.4,15.6,17.7,15.9,14.9,15.4,16.6,48.4,13.4,0.0,15.2,0.16476457258613583,0.7288350177876481,0.04608294930875576,0.06031746031746031,UR,0.6157017963693026,0.0078125,0.078125,0.0,0.0,UR,3.2,14,0.0,0.0,0.0,0.0,0.0
size7_comp0.0_grid0_base_low,7,0.0,0,low,base,base,3,3,6,4,1,1,1,1,10,2,2,8,0.2,0.2,0.8,0.2,13.7,0.5255474452554745,0.5042016806722689,0.6666666666666666,0.04097222222222222,0.9619632023435349,0.5555555555555556,0.3951933828336106,1.1798470193736643,0.631578947368421,0.4591170143700023,0.4444891368969781,0.375,0.2433747579346804,0.11503449982982147,0.5255474452554745,137,3.9,2.1,2.9,4.8,2.6,3.6,3.3,3.2,6.5,2.9,0.1,0.5,0.27867433930093777,0.0,0.6046589940323955,0.11666666666666665,DL,0.7303979786895877,0.021634615384615384,0.0,0.018803418803418803,0.0038461538461538464,UL,0.6,2,0.6,0.0,0.0,0.0,0.0
size7_comp0.0_grid1_base_low,7,0.0,1,low,base,base,3,3,6,4,1,1,1,1,10,5,3,3,0.5,0.3,0.3,0.3,25.7,0.49416342412451364,0.48130841121495327,0.5581395348837209,0.08942028985507247,1.2134387418216321,0.6428571428571429,0.35125894779050654,1.437819549026558,0.6470588235294118,0.3907301428679205,0.86666840341402,0.6363636363636364,0.290258009943594,0.10992300428943506,0.49416342412451364,257,5.0,5.2,6.2,9.3,5.8,5.8,7.4,5.7,13.5,5.1,1.2,2.5,0.3217551231018724,0.47605300014742735,0.09683473389355741,0.10535714285714286,UR,1.1886000391835778,0.008095238095238095,0.043958333333333335,0.0,0.0,UR,1.4,4,0.0,0.0,0.0,0.0,0.0
size7_comp0.0_grid2_base_low,7,0.0,2,low,base,base,3,4,7,7,0,1,1,1,10,8,5,2,0.8,0.5,0.2,0.5,22.6,0.5442477876106194,0.5474452554744526,0.5393258426966292,0.1985294117647059,1.030932293082326,0.6666666666666666,0.35422526414595845,1.1948244947566644,0.6190476190476191,0.2793274799665323,0.8670400914079877,0.7142857142857143,0.4291230483253847,0.14807589702547685,0.5442477876106194,226,6.0,3.8,5.3,7.5,5.5,4.8,6.3,5.0,10.1,4.5,0.7,1.3,0.23066969794910971,0.32798316879199235,0.3856048363401305,0.05574229691876751,DL,1.3575716297370388,0.01607142857142857,0.0,0.03931489262371615,0.0,DL,0.9,2,0.5,0.2,0.0,0.0,0.0
size7_comp0.0_grid3_base_low,7,0.0,3,low,base,base,4,7,11,5,3,1,1,1,10,6,5,0,0.6,0.5,0.0,0.5,28.2,0.5780141843971631,0.5111111111111111,0.8421052631578947,0.2452382897603486,1.1717859824060932,0.6842105263157895,0.24719622332909078,1.524534038961734,0.6818181818181818,0.31995114061457985,0.6867574046420877,0.6875,0.14715821206154328,0.2428408605871925,0.5780141843971631,282,7.0,5.7,6.6,8.9,6.9,7.1,7.3,5.9,14.3,5.1,0.2,2.8,0.19596352177234527,0.22572192513368985,0.3669279984721161,0.21138655462184874,DL,1.5019338113226497,0.0,0.010532407407407407,0.046875,0.0,DL,1.4,4,0.4,0.2,0.0,0.0,0.0
size7_comp0.0_grid4_base_low,7,0.0,4,low,base,base,5,3,8,4,2,1,1,1,9,6,3,3,0.6666666666666666,0.3333333333333333,0.3333333333333333,0.3333333333333333,23.333333333333332,0.5523809523809524,0.5308641975308642,0.625,0.1136121067303863,1.221180171513584,0.5833333333333334,0.31217064768699426,1.3960414119458948,0.6,0.3654508524085359,0.9297447707930659,0.5555555555555556,0.22337030648442488,0.14859931734931733,0.5523809523809524,210,7.111111111111111,4.111111111111111,7.0,5.111111111111111,5.666666666666667,4.777777777777778,5.666666666666667,6.222222222222222,13.555555555555555,5.333333333333333,1.3333333333333333,2.888888888888889,0.131729055258467,0.594415182340879,0.0,0.273855762400654,UR,0.7201828618255688,0.003968253968253968,0.10718701996927803,0.0,0.0,UR,1.5555555555555556,6,0.2222222222222222,0.0,0.0,0.0,0.0
size7_comp0.0_grid5_base_low,7,0.0,5,low,base,base,3,4,7,7,0,1,1,1,10,9,8,0,0.9,0.8,0.0,0.8,25.2,0.5793650793650794,0.5141242937853108,0.7333333333333333,0.26139439160003675,1.1446756649844188,0.59375,0.29922306448979497,1.3426210006062957,0.5555555555555556,0.31397809472445726,0.8901745191848628,0.6428571428571429,0.2802523113309434,0.19506331342268846,0.5793650793650794,252,4.4,6.0,5.2,9.6,5.3,6.2,6.9,5.8,13.1,4.8,0.7,2.2,0.47286046079524346,0.4241703827573392,0.013333333333333332,0.08963582311408398,UL,1.0389321768515,0.06130038927619572,0.0869026284348865,0.0,0.0,UR,2.1,5,0.6,0.0,0.0,0.0,0.0
size7_comp0.0_grid6_base_low,7,0.0,6,low,base,base,3,5,8,4,2,1,1,1,10,7,2,1,0.7,0.2,0.1,0.2,29.8,0.5637583892617449,0.5364806866952789,0.6615384615384615,0.05743589743589743,1.3273770860322882,0.6388888888888888,0.3040940971142477,1.585121259934607,0.6818181818181818,0.2796461479466128,0.9223505270429303,0.5714285714285714,0.3425123029491025,0.19547851688374565,0.5637583892617449,298,7.6,9.7,5.2,7.3,7.4,6.6,7.7,7.1,15.5,6.7,0.8,1.2,0.26205648926237163,0.42732843137254894,0.16392857142857142,0.14668650793650792,UR,1.3587727065225528,0.009375,0.03716346153846154,0.015625,0.00625,UR,1.3,3,0.0,0.4,0.0,0.0,0.0
size7_comp0.0_grid7_base_low,7,0.0,7,low,base,base,3,7,10,4,3,1,1,1,10,5,3,1,0.5,0.3,0.1,0.3,29.6,0.4966216216216216,0.43529411764705883,0.8780487804878049,0.09684139784946236,1.1342116238438227,0.6785714285714286,0.2875083330047966,1.5467496472951479,0.6875,0.3881062598190737,0.5841609259087226,0.6666666666666666,0.1533777639190939,0.22466160809640964,0.4966216216216216,296,7.5,5.2,8.0,8.9,7.4,7.7,6.8,6.7,19.0,6.3,0.4,4.3,0.24444565965211407,0.6463428926108964,0.0,0.10921144773698951,UR,0.8485808402377554,0.0,0.13742424242424242,0.0,0.0,UR,2.1,7,0.7,0.0,0.0,0.0,0.0
size7_comp0.0_grid8_base_low,7,0.0,8,low,base,base,3,3,6,4,1,1,1,1,10,5,2,4,0.5,0.2,0.4,0.2,27.7,0.51985559566787,0.5083333333333333,0.5945945945945946,0.04078341013824884,1.0605927104800053,0.6666666666666666,0.4044023391445879,1.3592600276581257,0.7,0.3585771305876036,0.6872585640073547,0.625,0.4616838498408183,0.2161329600587913,0.51985559566787,277,5.3,6.5,8.3,7.6,6.0,7.9,5.5,7.3,16.2,7.2,0.2,1.0,0.17896086369770578,0.5627732793522268,0.01,0.24826585695006748,UR,1.1167582415023516,0.0038461538461538464,0.04594115561857497,0.0,0.0,UR,0.8,3,0.8,0.1,0.0,0.0,0.0
size7_comp0.0_grid9_base_low,7,0.0,9,low,base,base,4,5,9,5,2,1,1,1,10,5,1,5,0.5,0.1,0.5,0.1,21.5,0.5302325581395348,0.5133689839572193,0.6428571428571429,0.04090909090909091,1.129644248637602,0.6470588235294118,0.37420507677538195,1.4175085964160292,0.6666666666666666,0.3614916833835842,0.664632609918604,0.6153846153846154,0.39474209686982437,0.23488790621143565,0.5302325581395348,215,6.7,5.1,4.3,5.4,5.5,5.0,5.1,4.9,9.4,4.4,0.4,1.1,0.09053571428571429,0.18875,0.4954949874686717,0.22521929824561404,DL,1.231290901829007,0.0,0.0,0.04005681818181818,0.017045454545454548,DL,0.8,2,0.5,0.2,0.0,0.0,0.0
size7_comp0.2_grid0_base_low,7,0.2,0,low,base,base,3,5,8,6,2,1,1,1,10,9,3,0,0.9,0.3,0.0,0.3,30.1,0.4219269102990033,0.3781094527363184,0.51,0.10500000000000001,1.1331199337183004,0.4723308333814104,0.38612751835574305,1.1428733588677884,0.4375,0.41975977821545596,1.1219731621188855,0.5121375001030223,0.3476906499446426,0.2285407644766728,0.4219269102990033,301,8.4,7.3,7.7,6.7,7.0,6.7,7.9,7.5,21.6,5.0,2.0,9.7,0.1144506207586703,0.8409321543609469,0.00909090909090909,0.035526315789473684,UR,0.3683098583892775,0.0,0.224375,0.0,0.0,UR,2.3,4,0.9,0.0,0.0,0.0,0.0
size7_comp0.2_grid1_base_low,7,0.2,1,low,base,base,4,3,7,5,2,1,1,1,10,5,4,0,0.5,0.4,0.0,0.4,28.5,0.47719298245614034,0.456,0.6285714285714286,0.17333333333333334,1.177546967258818,0.46153846153846156,0.2886545014805559,1.308773936302114,0.47058823529411764,0.32453236899296867,0.9296738035103692,0.4444444444444444,0.22088519617933156,0.1014359952745061,0.47719298245614034,285,5.3,7.0,6.9,9.3,7.9,6.8,6.0,6.8,17.5,5.5,0.8,5.3,0.16010582164354542,0.5585091322431475,0.023529411764705882,0.2578556343486011,UR,1.0402838450409129,0.015625,0.11404761904761904,0.0,0.0,UR,2.1,4,0.5,0.0,0.0,0.0,0.0
size7_comp0.2_grid2_base_low,7,0.2,2,low,base,base,3,4,7,3,2,1,1,1,10,4,3,6,0.4,0.3,0.6,0.3,14.2,0.5422535211267606,0.4956521739130435,0.7407407407407407,0.15136752136752135,0.8616305542262105,0.5555555555555556,0.3143093334889822,0.9963188565122513,0.5555555555555556,0.3576388390838592,0.5922539496541289,0.5555555555555556,0.2276503222992282,0.11839877926479234,0.5422535211267606,142,3.4,2.3,5.3,3.2,3.5,3.2,3.2,3.3,6.9,2.8,0.7,0.9,0.08921568627450979,0.6830065359477124,0.07777777777777777,0.05,UR,0.42427193297536353,0.00625,0.04637286324786325,0.006666666666666666,0.0,UR,0.7,2,0.0,0.8,0.0,0.0,0.0
size7_comp0.2_grid3_base_low,7,0.2,3,low,base,base,6,3,9,5,3,1,1,1,10,1,1,6,0.1,0.1,0.6,0.1,21.1,0.4834123222748815,0.47783251231527096,0.625,0.0375,1.235270611556414,0.4782608695652174,0.38020982452875407,1.4347923091709094,0.5,0.40843575965314993,0.5169925001442313,0.4,0.2785964580809287,0.15876080441297835,0.4834123222748815,211,6.6,3.5,3.6,7.3,4.5,5.7,6.2,3.5,11.2,2.6,0.1,4.5,0.20224308640313488,0.1732646834477498,0.6127275242667624,0.011764705882352941,DL,0.8106660150499783,0.02449074074074074,0.016666666666666666,0.10460648148148148,0.0,DL,1.8,3,0.6,0.0,0.0,0.0,0.0
size7_comp0.2_grid4_base_low,7,0.2,4,low,base,base,3,5,8,4,2,1,1,1,10,6,3,3,0.6,0.3,0.3,0.3,24.1,0.5311203319502075,0.5,0.6229508196721312,0.09333333333333334,1.0038317859319734,0.5357142857142857,0.31540947807603376,1.3798012655478158,0.6,0.34764278768465545,0.5700208479136937,0.46153846153846156,0.2782171977583933,0.17503880048522905,0.5311203319502075,241,7.3,4.1,6.5,6.2,6.6,4.6,5.2,6.7,13.6,5.7,0.5,2.1,0.0,0.1915909090909091,0.5639433811802232,0.24446570972886766,DL,0.9086939386498264,0.0,0.0,0.021041666666666667,0.0,DL,0.4,2,0.7,0.1,0.0,0.0,0.0
size7_comp0.2_grid5_base_low,7,0.2,5,low,base,base,5,5,10,4,3,1,1,1,10,8,3,1,0.8,0.3,0.1,0.3,29.8,0.4865771812080537,0.45136186770428016,0.7073170731707317,0.09799082313681869,1.0907773505792457,0.41935483870967744,0.2578886248161931,1.5200871021588354,0.47058823529411764,0.3217510979166137,0.5694726522326011,0.35714285714285715,0.1803413360513967,0.2717150762494646,0.4865771812080537,298,7.5,6.1,8.2,8.0,8.2,7.3,6.8,6.5,18.5,5.4,0.4,7.3,0.30034632034632036,0.060791245791245785,0.4653790781376988,0.17348335572473506,DL,1.2193350808496466,0.029073971078976642,0.0034482758620689655,0.09469897107897665,0.010267857142857143,DL,1.7,5,0.4,0.0,0.0,0.0,0.0
size7_comp0.2_grid6_base_low,7,0.2,6,low,base,base,7,4,11,5,3,1,1,1,10,0,0,7,0.0,0.0,0.7,0.0,22.2,0.5045045045045045,0.5045045045045045,0.0,0.0,1.3794743664866511,0.6,0.29507292540945096,1.3794743664866511,0.6,0.29507292540945096,0.0,0.0,0.0,0.3973924215010803,0.5045045045045045,222,3.8,6.6,6.7,5.1,4.3,6.4,5.0,5.5,12.9,4.6,0.0,2.4,0.13636363636363635,0.8636363636363636,0.0,0.0,UR,0.4197699706907955,0.0,0.03940889154704944,0.0,0.0,UR,0.7,2,0.9,0.0,0.0,0.0,0.0
size7_comp0.2_grid7_base_low,7,0.2,7,low,base,base,6,4,10,4,3,1,1,1,10,1,0,9,0.1,0.0,0.9,0.0,13.4,0.5149253731343284,0.5151515151515151,0.5,0.0,1.083989257101357,0.55,0.4222839962876711,1.0884097443172178,0.5263157894736842,0.41819368030281173,1.0,1.0,0.5,0.22177628743805208,0.5149253731343284,134,5.4,1.3,3.7,3.0,3.2,2.2,3.9,3.1,6.2,2.3,0.1,2.1,0.1877777777777778,0.02222222222222222,0.3743137254901961,0.2156862745098039,DL,0.47420567239906325,0.017708333333333333,0.00625,0.01875,0.0038461538461538464,DL,0.7,3,0.0,0.0,0.0,0.0,0.0
size7_comp0.2_grid8_base_low,7,0.2,8,low,base,base,3,3,6,6,0,1,1,1,10,9,7,0,0.9,0.7,0.0,0.7,23.6,0.5550847457627118,0.5448275862068965,0.5714285714285714,0.22800563236047106,1.0718374426425514,0.59375,0.34960353858652427,1.161714132661786,0.5625,0.37959627530825957,0.9819607526233172,0.625,0.3196108018647889,0.13902352154629966,0.5550847457627118,236,4.2,6.3,5.1,8.0,6.7,5.5,4.5,5.9,12.6,5.3,1.0,2.0,0.4213283938283938,0.4335705960705961,0.0,0.1451010101010101,UR,0.9113197673614909,0.07526945724526368,0.1023425499231951,0.0,0.0,UR,1.9,4,0.3,0.0,0.0,0.0,0.0
size7_comp0.2_grid9_base_low,7,0.2,9,low,base,base,5,4,9,3,3,1,1,1,10,1,1,9,0.1,0.1,0.9,0.1,11.8,0.5254237288135594,0.5087719298245614,1.0,0.028125,0.8401258741656505,0.4782608695652174,0.37573210782881444,1.016994479253156,0.47368421052631576,0.4220674858497087,0.0,0.5,0.15563906222956642,0.13706207120529373,0.5254237288135594,118,1.9,3.7,3.5,2.7,1.6,2.6,3.3,3.3,5.1,2.9,0.0,1.2,0.11522366522366523,0.742049062049062,0.06454545454545454,0.07818181818181817,UR,0.6002015591186842,0.0,0.03864468864468864,0.003125,0.003125,UR,0.5,2,0.8,0.1,0.0,0.0,0.0
size7_comp0.4_grid0_base_low,7,0.4,0,low,base,base,4,9,13,7,3,1,1,1,10,10,0,0,1.0,0.0,0.0,0.0,32.0,0.5,0.5228426395939086,0.4634146341463415,0.0,1.1363383845644248,0.40625,0.3366449229538882,1.272692626858057,0.4375,0.27972388748362914,0.9999841422707926,0.375,0.3935659584241473,0.1949818396561523,0.5,320,8.4,7.1,7.6,8.9,8.3,7.7,7.7,7.3,20.3,5.8,2.5,6.1,0.5187153043035397,0.0,0.39331083948731005,0.08797385620915033,UL,1.1330692278149388,0.075,0.0,0.01875,0.003125,UL,1.4,2,0.3,0.7,0.0,0.0,0.0
size7_comp0.4_grid1_base_low,7,0.4,1,low,base,base,5,3,8,4,3,1,1,1,10,3,3,4,0.3,0.3,0.4,0.3,22.1,0.49321266968325794,0.4971751412429379,0.4772727272727273,0.0931159420289855,1.2675662318045746,0.43478260869565216,0.3128855294047009,1.4597318749861907,0.5384615384615384,0.30017275411950817,1.0177508956684742,0.3,0.3294121372754515,0.2063819645271886,0.49321266968325794,221,7.9,3.6,5.8,4.7,6.1,4.0,5.5,5.3,13.6,4.5,1.1,3.8,0.009523809523809523,0.18779761904761907,0.21134920634920634,0.5913293650793652,DR,0.8632573332187483,0.0,0.03265398550724637,0.0,0.0,UR,0.5,2,0.6,0.3,0.0,0.0,0.0
size7_comp0.4_grid2_base_low,7,0.4,2,low,base,base,4,7,11,7,3,1,1,1,10,4,1,0,0.4,0.1,0.0,0.1,32.0,0.434375,0.4109090909090909,0.5777777777777777,0.034375,1.1001446605033798,0.37370846776519856,0.39291271308629533,1.3820221468514475,0.3873507353365386,0.45056016345732364,0.7578648556521544,0.35714285714285715,0.32291223763576105,0.17412196515612074,0.434375,320,8.9,7.7,8.9,6.4,6.4,9.2,6.3,8.9,23.0,7.0,0.8,7.4,0.006666666666666666,0.7822222222222222,0.07555555555555556,0.13555555555555554,UR,0.6281712041095273,0.0,0.115625,0.0,0.003125,UR,3.1,18,0.9,0.1,0.0,0.0,0.0
size7_comp0.4_grid3_base_low,7,0.4,3,low,base,base,4,5,9,5,2,1,1,1,10,3,1,2,0.3,0.1,0.2,0.1,26.4,0.4166666666666667,0.4066390041493776,0.5217391304347826,0.052941176470588235,1.1928167258707558,0.25,0.4084667704031431,1.3923720604039171,0.25,0.4166654810270529,0.893483724071014,0.25,0.3961687044672782,0.16040176918755417,0.4166666666666667,264,7.4,6.1,6.1,6.8,6.8,6.7,5.1,6.8,19.0,5.6,0.4,7.0,0.005555555555555555,0.8860495441502305,0.07969924812030074,0.028695652173913046,UR,0.35313169595375565,0.0,0.16875,0.0,0.0,UR,2.6,8,1.0,0.0,0.0,0.0,0.0
size7_comp0.4_grid4_base_low,7,0.4,4,low,base,base,4,3,7,7,0,1,1,1,10,8,2,0,0.8,0.2,0.0,0.2,31.6,0.43037974683544306,0.45098039215686275,0.3442622950819672,0.04671857619577308,1.0958065356292503,0.3333333333333333,0.4112092997027577,1.4054476086894883,0.3076923076923077,0.3167635191280062,0.7298670856489693,0.36363636363636365,0.5228270403820094,0.14662156766452433,0.43037974683544306,316,7.6,6.7,8.4,8.9,7.1,7.3,7.2,9.0,22.0,6.7,1.7,6.7,0.5245916223439443,0.021929824561403508,0.45347855309465224,0.0,UL,0.7563136708289718,0.015625,0.0,0.059375,0.0,DL,1.5,4,0.4,0.0,0.0,0.0,0.0
size7_comp0.4_grid5_base_low,7,0.4,5,low,base,base,3,4,7,5,1,1,1,1,10,3,1,7,0.3,0.1,0.7,0.1,18.0,0.42777777777777776,0.4084507042253521,0.5,0.04666666666666667,1.1148182588369993,0.39869239136705703,0.427883712999039,1.2210173065020498,0.4113283334294875,0.43405887194856396,0.9156950444650294,0.375,0.41630528996867966,0.13704690935812217,0.42777777777777776,180,6.2,2.3,6.5,3.0,4.2,5.2,4.6,3.0,9.1,2.7,0.9,3.4,0.17964646464646467,0.19613636363636364,0.0,0.6242171717171717,DR,0.7869755413386642,0.010526315789473684,0.016041666666666666,0.0,0.09655697007670691,DR,1.5,3,0.5,0.2,0.0,0.0,0.0
size7_comp0.4_grid6_base_low,7,0.4,6,low,base,base,4,5,9,7,1,1,1,1,10,8,0,0,0.8,0.0,0.0,0.0,32.0,0.39375,0.38427947598253276,0.4175824175824176,0.0,1.4421782204667468,0.36118869051053126,0.4053833083083828,1.5027372303567612,0.2727272727272727,0.3387823125360214,1.3755633095877307,0.4584962500721156,0.47864440365798033,0.21452787633681042,0.39375,320,9.6,7.1,8.4,6.9,7.8,8.2,7.4,7.6,23.6,4.9,1.8,10.1,0.1563853718745023,0.811947961458831,0.0,0.03166666666666666,UR,0.6062624614678782,0.0,0.284375,0.0,0.0,UR,5.4,17,1.0,0.0,0.0,0.0,0.0
size7_comp0.4_grid7_base_low,7,0.4,7,low,base,base,5,3,8,8,0,1,1,1,10,3,3,3,0.3,0.3,0.3,0.3,27.4,0.3978102189781022,0.38,0.5833333333333334,0.13904761904761903,1.3201553418792067,0.2608695652173913,0.31110992938439136,1.520185107160904,0.29411764705882354,0.34134545714067815,0.7534043402477296,0.16666666666666666,0.22544260074157887,0.1678790923532006,0.3978102189781022,274,11.2,2.7,7.8,5.7,6.5,7.5,6.4,6.0,18.5,4.7,0.4,8.6,0.06730300815978565,0.1896825396825397,0.39633976779117447,0.34667468436650023,DL,1.0835506991243595,0.01386574074074074,0.028095238095238097,0.028703703703703703,0.03032738095238095,DR,1.6,4,0.2,0.2,0.0,0.0,0.0
size7_comp0.4_grid8_base_low,7,0.4,8,low,base,base,6,3,9,3,3,1,1,1,10,5,4,3,0.5,0.4,0.3,0.4,20.5,0.45365853658536587,0.4088050314465409,0.6086956521739131,0.18236559139784947,0.8345963028374798,0.36363636363636365,0.3194590476459795,1.4371760996983685,0.16666666666666666,0.3860212958453569,0.6086288790146465,0.4375,0.29449820457121295,0.08408835833971952,0.45365853658536587,205,8.3,1.8,6.7,3.7,8.6,4.1,3.6,3.2,13.0,2.4,0.1,7.7,0.01798941798941799,0.04481792717086835,0.42506305204073963,0.512129602798974,DR,0.8460019035953354,0.0,0.0037037037037037034,0.10171594982078853,0.19561006571087217,DR,3.1,5,0.4,0.0,0.0,0.0,0.0
size7_comp0.4_grid9_base_low,7,0.4,9,low,base,base,6,4,10,6,3,1,1,1,10,9,1,0,0.9,0.1,0.0,0.1,31.8,0.46855345911949686,0.4957627118644068,0.3902439024390244,0.03333333333333333,1.300006816819046,0.32142857142857145,0.3745831278919934,1.3526112858801795,0.3157894736842105,0.3507006541367435,1.188952937689986,0.3333333333333333,0.4250016835975209,0.23374346362681173,0.46855345911949686,318,9.8,4.4,9.8,7.8,9.8,6.3,6.2,8.5,21.5,7.1,2.4,7.3,0.16933526999316473,0.5989280018227385,0.015789473684210527,0.21594725449988608,UR,0.8849075919985354,0.02583333333333333,0.10958333333333332,0.003125,0.003125,UR,2.5,5,0.2,0.1,0.0,0.0,0.0
size7_comp0.6_grid0_base_low,7,0.6,0,low,base,base,3,3,6,6,0,1,1,1,10,4,3,1,0.4,0.3,0.1,0.3,28.2,0.3546099290780142,0.3305084745762712,0.4782608695652174,0.09679411764705884,1.3829597776224507,0.07692307692307693,0.3674582060420294,1.5307483692589678,0.125,0.4333187757378809,1.1464980310040234,0.0,0.2620812945286669,0.1405419877409844,0.3546099290780142,282,6.3,5.6,9.5,6.8,7.9,6.4,4.7,8.2,22.1,6.1,1.8,9.9,0.07625771973598061,0.9065994231211624,0.017142857142857144,0.0,UR,0.38196215340606143,0.01875,0.2220220588235294,0.0,0.0,UR,2.7,8,1.0,0.0,0.0,0.0,0.0
size7_comp0.6_grid1_base_low,7,0.6,1,low,base,base,3,4,7,5,3,1,1,1,10,5,2,2,0.5,0.2,0.2,0.2,26.5,0.3584905660377358,0.34615384615384615,0.45161290322580644,0.08166666666666667,1.1911330141748364,0.2,0.35713533018849514,1.7699304286930018,0.14285714285714285,0.40348463775699406,0.6846852764714413,0.25,0.31657968606605863,0.12079520369712483,0.3584905660377358,265,6.2,4.7,7.9,7.7,7.6,6.8,4.6,6.5,20.5,4.9,0.5,9.1,0.19577243371495845,0.8042275662850414,0.0,0.0,UR,0.5120145988579237,0.048125,0.27395833333333336,0.0,0.0,UR,3.4,6,0.8,0.0,0.0,0.0,0.0
size7_comp0.6_grid2_base_low,7,0.6,2,low,base,base,10,3,13,7,3,1,1,1,10,0,0,4,0.0,0.0,0.4,0.0,29.5,0.44745762711864406,0.44745762711864406,0.0,0.0,1.6190840055036835,0.35714285714285715,0.3338080110705754,1.6190840055036835,0.35714285714285715,0.3338080110705754,0.0,0.0,0.0,0.41939709269287656,0.44745762711864406,295,10.3,4.9,7.6,6.7,6.2,7.6,8.0,6.7,20.0,5.3,0.0,7.0,0.22683721507250923,0.0,0.6596671302553656,0.11349565467212526,DL,0.8963628110792273,0.032160931174089066,0.0,0.04035931174089069,0.0,DL,1.1,3,0.0,0.0,0.0,0.0,0.0
size7_comp0.6_grid3_base_low,7,0.6,3,low,base,base,6,3,9,5,3,1,1,1,10,7,3,3,0.7,0.3,0.3,0.3,27.2,0.48161764705882354,0.47950819672131145,0.5,0.10989162561576356,1.2413835956291461,0.2631578947368421,0.3029074254053821,1.3758892903212667,0.2857142857142857,0.30921804092508015,0.8647676504912083,0.2,0.2852377019502277,0.09097099815379417,0.48161764705882354,272,5.5,5.9,5.7,10.0,6.2,7.0,6.0,6.8,17.9,5.8,1.0,7.1,0.5218922825540473,0.1188034188034188,0.23611829347123464,0.12318600517129932,UL,1.1356620785923957,0.11869080638252302,0.026153209109730846,0.011011904761904761,0.0,UL,1.3,4,0.7,0.0,0.0,0.0,0.0
size7_comp0.6_grid4_base_low,7,0.6,4,low,base,base,6,10,16,4,6,1,1,1,10,2,0,0,0.2,0.0,0.0,0.0,32.0,0.46875,0.4523809523809524,0.6538461538461539,0.0,1.1481301662695664,0.3076923076923077,0.3420834118397085,1.5414540242996737,0.26666666666666666,0.37094475317498793,0.6117794507739657,0.36363636363636365,0.3027270372916002,0.21099723096820622,0.46875,320,7.6,8.0,7.5,8.9,6.2,9.3,6.5,9.0,22.2,7.9,0.5,4.8,0.18949800973020786,0.683067427928109,0.049090909090909095,0.078343653250774,UR,0.8285436339659287,0.021875,0.0375,0.0,0.0125,UR,1.0,2,0.0,0.0,0.0,0.0,0.0
size7_comp0.6_grid5_base_low,7,0.6,5,low,base,base,5,3,8,4,2,1,1,1,10,2,2,6,0.2,0.2,0.6,0.2,18.7,0.48663101604278075,0.4689265536723164,0.8,0.12444444444444444,1.2069742559979433,0.2222222222222222,0.34679179346574507,1.3732526148544986,0.21428571428571427,0.4125239354067652,0.625,0.25,0.11672929667217481,0.13748681467979715,0.48663101604278075,187,4.9,3.8,3.7,6.3,3.9,5.0,4.3,4.5,11.0,3.7,0.4,4.0,0.06483585858585858,0.31625000000000003,0.32724747474747473,0.09166666666666666,DL,0.6383844801817883,0.0,0.03368055555555556,0.016517857142857143,0.0,UR,0.9,4,0.0,0.1,0.0,0.0,0.0
size7_comp0.6_grid6_base_low,7,0.6,6,low,base,base,6,3,9,5,2,1,1,1,10,5,3,5,0.5,0.3,0.5,0.3,22.4,0.46875,0.4619289340101523,0.5185185185185185,0.15272727272727274,1.1194160363682706,0.17391304347826086,0.270281300948434,1.2100824064491094,0.11764705882352941,0.2569426711398908,0.862527987805893,0.3333333333333333,0.3080740854059733,0.1628570520504159,0.46875,224,5.7,6.0,3.5,7.1,6.1,4.4,5.0,5.7,13.4,4.5,0.2,6.5,0.4191635338345864,0.0622077922077922,0.38155350497455764,0.1370751689830637,UL,1.0812097584560623,0.016969696969696968,0.003125,0.07616113053613054,0.023219696969696967,DL,1.5,4,0.0,0.0,0.0,0.0,0.0
size7_comp0.6_grid7_base_low,7,0.6,7,low,base,base,4,3,7,5,1,1,1,1,10,4,1,2,0.4,0.1,0.2,0.1,30.2,0.45695364238410596,0.4548611111111111,0.5,0.021875,1.2446847266288585,0.2727272727272727,0.40080748303076136,1.4299878531912027,0.3125,0.385905471133411,0.750543055795941,0.16666666666666666,0.44054618142369567,0.1660122176204753,0.45695364238410596,302,6.8,8.1,8.3,7.0,5.6,7.2,7.7,8.7,21.0,7.5,0.4,5.0,0.0,0.6664538693571874,0.03333333333333333,0.3002127973094793,UR,0.7562560730765433,0.0,0.05563690476190476,0.008,0.0125,UR,1.3,3,0.8,0.2,0.0,0.0,0.0
size7_comp0.6_grid8_base_low,7,0.6,8,low,base,base,3,6,9,3,3,1,1,1,10,5,2,3,0.5,0.2,0.3,0.2,25.8,0.46511627906976744,0.42105263157894735,0.6530612244897959,0.064125,1.2251864279158102,0.43478260869565216,0.2913563034147912,1.4259326003390447,0.45454545454545453,0.3213268778713907,1.0411691031945118,0.4166666666666667,0.26388327682957496,0.13104229026388914,0.46511627906976744,258,7.1,4.9,5.8,8.0,5.3,6.3,6.1,7.1,17.8,6.3,0.5,4.3,0.1838046639500402,0.7828620027166265,0.03333333333333333,0.0,UR,0.40821346755097593,0.019625,0.1432857142857143,0.003125,0.0,UR,2.3,6,0.0,0.2,0.0,0.0,0.0
size7_comp0.6_grid9_base_low,7,0.6,9,low,base,base,4,6,10,4,3,1,1,1,10,6,2,0,0.6,0.2,0.0,0.2,31.5,0.4793650793650794,0.45353159851301117,0.6304347826086957,0.06797235023041474,1.0563768987632545,0.25925925925925924,0.3103014804796523,1.2291380148867181,0.3125,0.3164650275281673,0.8050880025836711,0.18181818181818182,0.3013363211363578,0.12292851154949389,0.4793650793650794,315,7.6,7.4,7.2,9.3,6.1,8.9,7.7,7.8,22.0,6.2,0.1,6.4,0.6604492291334396,0.0,0.10906432748538011,0.23048644338118024,UL,0.6929303675118617,0.0125,0.0,0.00625,0.0,UL,0.6,2,0.0,0.1,0.0,0.0,0.0
size9_comp0.0_grid0_base_low,9,0.0,0,low,base,base,3,5,8,8,0,1,1,1,10,8,2,1,0.8,0.2,0.1,0.2,40.2,0.5398009950248757,0.5309090909090909,0.5590551181102362,0.07203065134099616,1.2296688964918663,0.7272727272727273,0.35502301405634246,1.416987542384701,0.7096774193548387,0.3558152144321859,0.987715645546955,0.75,0.3539997552375446,0.1994239605814331,0.5398009950248757,402,10.3,7.2,10.1,12.6,9.2,10.8,10.4,8.8,21.4,8.4,0.6,0.5,0.4879212176712177,0.27097735597735595,0.18868112443112445,0.052420301920301914,UL,1.4454305622099393,0.09919842710223836,0.020833333333333332,0.0,0.0,UL,2.0,4,0.1,0.0,0.0,0.0,0.0
size9_comp0.0_grid1_base_low,9,0.0,1,low,base,base,3,4,7,3,2,1,1,1,10,5,2,5,0.5,0.2,0.5,0.2,29.7,0.5016835016835017,0.4972677595628415,0.5087719298245614,0.04594871794871795,1.0388208038186237,0.7105263157894737,0.3893634103911506,1.317015668465173,0.6470588235294118,0.38408385319673793,0.8136154371999884,0.7619047619047619,0.3936373376437703,0.12762413090939814,0.5016835016835017,297,8.0,8.8,5.9,7.0,5.1,8.3,8.1,7.2,18.8,6.9,2.1,1.1,0.04904761904761905,0.8550000000000001,0.0254978354978355,0.07045454545454546,UR,0.46136333071764196,0.0,0.2543560606060606,0.0,0.0020833333333333333,UR,3.5,14,1.0,0.0,0.0,0.0,0.0
size9_comp0.0_grid2_base_low,9,0.0,2,low,base,base,8,4,12,6,3,1,1,1,10,3,3,6,0.3,0.3,0.6,0.3,27.2,0.5919117647058824,0.5783132530120482,0.7391304347826086,0.17770334928229664,1.1668669270529095,0.7115384615384616,0.3213281364578454,1.4425329326332512,0.7435897435897436,0.3235240264389937,0.3398689103118838,0.6153846153846154,0.3147404665144006,0.19034715284715284,0.5919117647058824,272,7.4,4.0,6.4,9.4,6.2,7.5,6.2,6.3,12.0,5.8,0.1,1.6,0.052717086834733896,0.25682401190141124,0.5564437497487034,0.1340151515151515,DL,1.0407587282148205,0.0,0.05423280423280423,0.1559331502404258,0.026904761904761904,DL,4.3,13,0.5,0.0,0.0,0.0,0.0
size9_comp0.0_grid3_base_low,9,0.0,3,low,base,base,3,6,9,9,0,1,1,1,10,8,0,1,0.8,0.0,0.1,0.0,44.9,0.47884187082405344,0.5509259259259259,0.41201716738197425,0.0,1.0248328220042,0.8245614035087719,0.5029937807307939,0.979721740301261,0.7058823529411765,0.4594917666050512,1.0915187688694141,1.0,0.5673011059601528,0.1600605992112981,0.47884187082405344,449,10.5,8.9,13.3,12.2,12.4,11.5,8.4,11.6,28.7,11.3,0.8,0.9,0.16818086498106782,0.776552329752127,0.027564102564102567,0.027702702702702704,UR,0.5990122481563627,0.02708333333333333,0.26936274509803926,0.0058823529411764705,0.0058823529411764705,UR,5.1,11,0.9,0.0,0.0,0.0,0.0
size9_comp0.0_grid4_base_low,9,0.0,4,low,base,base,7,4,11,5,3,1,1,1,10,7,6,3,0.7,0.6,0.3,0.6,33.9,0.6135693215339233,0.5918367346938775,0.7555555555555555,0.17780657265380176,0.9975623897734416,0.7,0.32095507159610753,1.2945105187790045,0.75,0.3046365654279453,0.4696546048746632,0.6111111111111112,0.349965749228396,0.13156073153899242,0.6135693215339233,339,9.2,7.7,6.4,10.6,8.6,9.4,8.1,6.8,17.2,6.8,0.4,0.8,0.5020418470418471,0.4231875901875902,0.05049206349206349,0.024278499278499278,UL,1.1389667102966246,0.11794602941048811,0.06877638957611744,0.002127659574468085,0.0,UL,2.5,5,0.5,0.0,0.0,0.0,0.0
size9_comp0.0_grid5_base_low,9,0.0,5,low,base,base,9,6,15,5,5,1,1,1,10,4,2,4,0.4,0.2,0.4,0.2,36.7,0.6021798365122616,0.5930599369085173,0.66,0.08191489361702128,1.0022002039796183,0.8125,0.35779555471117636,1.2769595822492112,0.775,0.34252821423407936,0.5442679068636298,0.875,0.3832411221730046,0.11437950580873378,0.6021798365122616,367,9.3,10.1,6.5,10.8,8.7,7.8,9.6,9.6,18.3,9.4,0.5,0.1,0.5613646739733695,0.18014298905603254,0.07672558922558922,0.18176674774500862,UL,1.2751607756224963,0.14329814609498895,0.0020833333333333333,0.0042109929078014184,0.035416666666666666,UL,3.3,6,0.8,0.1,0.0,0.0,0.0
size9_comp0.0_grid6_base_low,9,0.0,6,low,base,base,5,11,16,8,4,1,1,1,10,9,0,0,0.9,0.0,0.0,0.0,48.0,0.5,0.5955555555555555,0.41568627450980394,0.0,1.229892427888245,0.7906976744186046,0.38981683946525686,1.3395281478641163,0.6666666666666666,0.24645291244606174,1.044882150428962,1.0,0.6317434663101485,0.2228993400298812,0.5,480,11.5,8.7,11.3,16.5,11.3,13.3,9.3,13.1,32.6,11.2,5.7,4.5,0.22604538172469635,0.7709243152450006,0.0030303030303030303,0.0,UR,0.6315424854480024,0.03958333333333334,0.48125,0.0,0.0,UR,14.1,27,0.1,0.9,0.0,0.0,0.0
size9_comp0.0_grid7_base_low,9,0.0,7,low,base,base,5,8,13,9,2,1,1,1,10,1,1,4,0.1,0.1,0.4,0.1,42.6,0.45774647887323944,0.4469135802469136,0.6666666666666666,0.028888888888888888,1.037771667045664,0.7692307692307693,0.42093089056221183,1.3233547753074197,0.8108108108108109,0.43478116727304916,0.3333333333333333,0.6666666666666666,0.38676687467547965,0.0939605915284648,0.45774647887323944,426,14.9,8.9,11.1,7.7,11.7,9.1,9.1,11.7,23.4,11.1,0.1,2.9,0.1870840080398904,0.5888861098052274,0.03357142857142857,0.19045845358345356,UR,1.1990699329890007,0.027559523809523805,0.1326352619901007,0.01111111111111111,0.008472222222222221,UR,4.7,13,0.1,0.0,0.0,0.0,0.0
size9_comp0.0_grid8_base_low,9,0.0,8,low,base,base,7,4,11,5,3,1,1,1,10,0,0,10,0.0,0.0,1.0,0.0,16.5,0.5454545454545454,0.5454545454545454,0.0,0.0,0.82685626972099,0.7391304347826086,0.5122835720351929,0.82685626972099,0.7391304347826086,0.5122835720351929,0.0,0.0,0.0,0.17144066196106672,0.5454545454545454,165,5.3,2.4,5.6,3.2,4.9,3.7,3.3,3.6,7.6,3.4,0.0,1.5,0.07407407407407407,0.9025925925925925,0.0,0.023333333333333334,UR,0.23026241764296557,0.007692307692307693,0.3707405686418844,0.0,0.0,UR,4.4,8,0.0,0.1,0.0,0.0,0.0
size9_comp0.0_grid9_base_low,9,0.0,9,low,base,base,5,3,8,8,0,1,1,1,10,6,1,0,0.6,0.1,0.0,0.1,45.8,0.5109170305676856,0.5384615384615384,0.4205607476635514,0.03076923076923077,1.13809963535302,0.7441860465116279,0.4352767081755807,1.1242381044710228,0.7272727272727273,0.4090741142870433,1.15262123913416,0.7619047619047619,0.46272704463023895,0.23300628930356576,0.5109170305676856,458,10.3,10.4,13.0,12.1,9.7,11.0,11.7,12.4,32.1,11.7,2.0,1.7,0.10367992180492183,0.8808844721344722,0.00625,0.00918560606060606,UR,0.4996310786699592,0.004166666666666667,0.33637820512820515,0.0,0.0,UR,5.2,7,1.0,0.0,0.0,0.0,0.0
size9_comp0.2_grid0_base_low,9,0.2,0,low,base,base,6,4,10,8,1,1,1,1,10,5,3,2,0.5,0.3,0.2,0.3,40.4,0.5099009900990099,0.4921052631578947,0.7916666666666666,0.07647710246889453,1.124731969833733,0.6190476190476191,0.31088861844209464,1.3015348185305096,0.6363636363636364,0.3143590940407304,0.47645485794555154,0.5555555555555556,0.2981635412470969,0.1887744832158295,0.5099009900990099,404,6.8,11.0,8.9,13.6,10.5,10.2,9.5,9.0,23.9,8.0,0.1,3.6,0.4448317918222589,0.43799806562679355,0.10947783485863982,0.007692307692307693,UL,0.8657239902157476,0.12346511502633253,0.12708333333333333,0.011814376913556118,0.0,UR,4.5,11,0.5,0.0,0.0,0.0,0.0
size9_comp0.2_grid1_base_low,9,0.2,1,low,base,base,4,5,9,5,2,1,1,1,10,1,1,5,0.1,0.1,0.5,0.1,38.6,0.4430051813471503,0.43535620052770446,0.8571428571428571,0.01875,1.2043581496361873,0.5813953488372093,0.40318730221819266,1.3726324441717852,0.5945945945945946,0.4349173377715069,0.16666666666666666,0.5,0.20751874963942188,0.11367465428942386,0.4430051813471503,386,10.5,7.9,8.2,11.8,8.8,10.2,8.8,9.4,21.7,8.3,0.1,3.7,0.24357400363512358,0.4283166685503397,0.19473633388369566,0.13337299393084107,UR,1.4654213905779114,0.023182624113475176,0.06991876096572516,0.053861788617886174,0.004878048780487805,UR,3.5,14,0.0,0.1,0.0,0.0,0.0
size9_comp0.2_grid2_base_low,9,0.2,2,low,base,base,3,7,10,8,1,1,1,1,10,3,2,3,0.3,0.2,0.3,0.2,40.9,0.39853300733496333,0.38005390835579517,0.5789473684210527,0.048303622771707876,1.1355740270898955,0.45169925001442307,0.4623488756516156,1.3230357067627974,0.4890779605452935,0.4914910849197428,0.5419453747923736,0.3333333333333333,0.3700652129692128,0.10242394070437844,0.39853300733496333,409,13.0,7.3,9.1,11.5,11.1,9.7,10.5,8.6,23.8,6.7,0.4,8.1,0.18320883063370275,0.04874007936507936,0.5644351073762839,0.20361598262493405,DL,1.066976282134982,0.030373840538040354,0.014583333333333334,0.22096771632872464,0.036036036036036036,DL,7.9,31,0.6,0.0,0.0,0.0,0.0
size9_comp0.2_grid3_base_low,9,0.2,3,low,base,base,8,4,12,8,2,1,1,1,10,3,2,7,0.3,0.2,0.7,0.2,31.7,0.5236593059936908,0.5123674911660777,0.6176470588235294,0.05457364341085271,1.1435674590521794,0.6511627906976745,0.36856832875836143,1.2200821663746595,0.6666666666666666,0.37337957878333156,0.8910689248879953,0.6,0.35269120367595996,0.1915330502313633,0.5236593059936908,317,11.9,4.3,7.5,8.0,7.4,8.1,8.5,6.7,17.3,6.0,0.8,4.6,0.39422077922077925,0.3608644688644689,0.13061438561438563,0.1143003663003663,UL,0.8384869621535251,0.06403212153613116,0.0757992327365729,0.03482142857142857,0.0,UR,3.7,14,0.0,0.4,0.0,0.0,0.0
size9_comp0.2_grid4_base_low,9,0.2,4,low,base,base,6,9,15,3,6,1,1,1,10,1,0,5,0.1,0.0,0.5,0.0,30.6,0.4542483660130719,0.45484949832775917,0.42857142857142855,0.0,0.9584487951785221,0.6214122282765469,0.4496567223754473,1.1304780661080005,0.5791016025825937,0.4038557655357225,0.0,0.8571428571428571,0.7048334819110569,0.07099804650114247,0.4542483660130719,306,8.6,5.3,7.5,9.0,7.0,7.3,7.7,7.2,17.1,6.6,0.1,2.6,0.18881787802840436,0.21502401837928153,0.5724738930659983,0.023684210526315787,DL,0.7658786758937003,0.026715686274509803,0.03958333333333333,0.23595588235294115,0.00625,DL,3.7,7,0.4,0.0,0.0,0.0,0.0
size9_comp0.2_grid5_base_low,9,0.2,5,low,base,base,4,4,8,4,2,1,1,1,10,3,3,7,0.3,0.3,0.7,0.3,22.4,0.53125,0.5050505050505051,0.7307692307692307,0.08181818181818182,0.7753192313254511,0.6190476190476191,0.3940568368863566,1.0858044752645781,0.64,0.3734481934248602,0.3187232843561465,0.5882352941176471,0.4243636655062043,0.1290529031343023,0.53125,224,5.8,4.5,4.9,7.2,5.5,5.5,6.2,4.2,11.7,4.0,0.3,1.0,0.43386832465779834,0.5072633506844032,0.007142857142857143,0.051725467514941205,UR,1.0860324718182177,0.014446793516560957,0.043952268661570995,0.0,0.0030303030303030303,UR,1.4,3,0.3,0.0,0.0,0.0,0.0
size9_comp0.2_grid6_base_low,9,0.2,6,low,base,base,6,3,9,9,0,1,1,1,10,9,6,0,0.9,0.6,0.0,0.6,44.3,0.5507900677200903,0.5317073170731708,0.7878787878787878,0.13155644145562503,1.1799862454450565,0.5116279069767442,0.24594463434608727,1.3038490108674332,0.5588235294117647,0.2715691874598317,0.7120602427382995,0.3333333333333333,0.149140767027497,0.18878731222897469,0.5507900677200903,443,8.4,9.7,9.7,16.5,10.6,9.9,9.9,12.9,25.7,11.7,0.4,3.6,0.6059687194525905,0.21082163187855785,0.06873411534701857,0.11447553332183313,UL,1.1045931943088523,0.05420030962769706,0.029734848484848486,0.0,0.027791272447383282,UL,3.6,10,0.0,0.0,0.0,0.0,0.0
size9_comp0.2_grid7_base_low,9,0.2,7,low,base,base,5,9,14,6,4,1,1,1,10,4,1,4,0.4,0.1,0.4,0.1,37.5,0.472,0.4423791821561338,0.5471698113207547,0.04516129032258064,1.1166160052666103,0.5899201172213042,0.4224199128622742,1.2874815111079863,0.6054400735506222,0.44928384407624344,0.9229684319797173,0.5723308333814104,0.3919741241531091,0.15910350500194248,0.472,375,10.2,6.6,9.0,11.6,8.1,9.1,9.9,9.2,22.6,7.8,0.3,4.2,0.04238095238095239,0.2989394552470871,0.3181528417818741,0.3405267505900865,DR,0.8950458995514747,0.0,0.08125000000000002,0.051142473118279574,0.02078533026113671,UR,3.2,12,0.0,0.4,0.0,0.0,0.0
size9_comp0.2_grid8_base_low,9,0.2,8,low,base,base,4,7,11,5,4,1,1,1,10,7,4,3,0.7,0.4,0.3,0.4,36.2,0.5386740331491713,0.49246231155778897,0.5950920245398773,0.12245484400656814,1.166047344639591,0.5656375000153437,0.38092495949847666,1.1884083155595657,0.5566058035971841,0.3617162289103205,1.133094334862786,0.5789473684210527,0.4092325624704962,0.11093225367317981,0.5386740331491713,362,9.2,9.7,10.2,7.1,8.6,8.0,8.8,9.8,20.7,8.6,2.1,2.8,0.13372527653319147,0.8139311926968409,0.0,0.05234353076996771,UR,0.6490903440076292,0.010416666666666666,0.15379440961337515,0.0,0.0,UR,4.1,10,0.0,1.0,0.0,0.0,0.0
size9_comp0.2_grid9_base_low,9,0.2,9,low,base,base,7,7,14,8,3,1,1,1,10,7,0,0,0.7,0.0,0.0,0.0,48.0,0.5375,0.5361596009975063,0.5443037974683544,0.0,1.2348311312973694,0.5925925925925926,0.38625681688136804,1.358274165774643,0.6216216216216216,0.349816533205118,0.9661609974350673,0.5294117647058824,0.4655680225296769,0.16401529512274585,0.5375,480,11.4,11.6,9.5,15.5,11.5,13.7,11.2,10.6,27.0,9.6,0.6,4.5,0.40068296007013043,0.32830970601406706,0.1771097647000284,0.0938975692157741,UL,1.4480496680047907,0.07916666666666666,0.08958333333333333,0.041666666666666664,0.0125,UR,5.5,11,0.4,0.4,0.0,0.0,0.0
size9_comp0.4_grid0_base_low,9,0.4,0,low,base,base,4,4,8,6,1,1,1,1,10,4,2,4,0.4,0.2,0.4,0.2,37.5,0.39466666666666667,0.3901639344262295,0.4142857142857143,0.05180388529139686,1.1335270342301667,0.34146341463414637,0.45232670385835116,1.168564177449645,0.4074074074074074,0.4239658605093514,1.0659554008783154,0.21428571428571427,0.5070226160314222,0.20046177176868044,0.39466666666666667,375,11.3,7.0,8.2,11.0,7.7,9.2,9.3,10.3,25.8,7.6,0.6,10.4,0.2931735142361328,0.1950584705897799,0.39347934415012215,0.11828867102396515,DL,1.4832379598980414,0.010416666666666666,0.0020833333333333333,0.07743794326241135,0.002127659574468085,DL,2.7,8,0.3,0.0,0.0,0.0,0.0
size9_comp0.4_grid1_base_low,9,0.4,1,low,base,base,3,7,10,6,3,1,1,1,10,6,1,0,0.6,0.1,0.0,0.1,46.8,0.44017094017094016,0.4270833333333333,0.5,0.02777777777777778,1.3931193099126142,0.34573198535774907,0.36593468773681365,1.5530142556115518,0.3197159723424149,0.3839205056183739,1.2132374960013093,0.375,0.34570064262005834,0.18399125066913463,0.44017094017094016,468,9.1,11.3,12.3,14.0,11.8,10.6,12.0,11.2,33.1,9.8,1.7,9.3,0.25112185217708083,0.7488781478229191,0.0,0.0,UR,0.7297629514788575,0.03888888888888889,0.19791666666666669,0.0,0.0,UR,6.0,11,0.9,0.9,0.0,0.0,0.0
size9_comp0.4_grid2_base_low,9,0.4,2,low,base,base,6,6,12,8,3,1,1,1,10,3,1,4,0.3,0.1,0.4,0.1,34.4,0.4476744186046512,0.44871794871794873,0.4375,0.03636363636363636,0.9933888664642492,0.4489795918367347,0.458703615990536,1.176323592167063,0.45714285714285713,0.4233477940165359,0.536052052207215,0.42857142857142855,0.5470931709255362,0.15074907782661937,0.4476744186046512,344,10.1,4.3,8.8,11.0,9.2,7.8,7.9,8.1,20.6,7.3,0.8,6.4,0.2606829415534349,0.28388819256940695,0.17327242111160518,0.2821564447655529,UR,1.444168488885806,0.03958333333333333,0.0125,0.008333333333333333,0.05,DR,1.9,5,0.1,0.4,0.0,0.0,0.0
size9_comp0.4_grid3_base_low,9,0.4,3,low,base,base,5,8,13,5,5,1,1,1,10,1,0,3,0.1,0.0,0.3,0.0,45.1,0.38137472283813745,0.37857142857142856,0.41935483870967744,0.0,1.2641182175415857,0.3760447674754026,0.435524410134602,1.360223911148343,0.39908863640734277,0.43474350092859143,0.9469694286392862,0.3,0.4381014105144371,0.12696299377779327,0.38137472283813745,451,11.2,11.8,10.1,11.9,10.8,9.8,10.2,13.1,31.9,10.7,0.4,9.8,0.1927816091954023,0.41054220364565186,0.2615302040007922,0.13514598315815354,UR,0.8984523216406863,0.011458333333333333,0.06420454545454546,0.010416666666666668,0.026442307692307692,UR,3.1,7,0.0,0.2,0.0,0.0,0.0
size9_comp0.4_grid4_base_low,9,0.4,4,low,base,base,8,3,11,5,3,1,1,1,10,1,1,7,0.1,0.1,0.7,0.1,32.5,0.49538461538461537,0.4906832298136646,1.0,0.022916666666666665,1.0939613047075991,0.5,0.3089872193429024,1.2071297155394196,0.5172413793103449,0.33021768601771534,0.0,0.3333333333333333,0.10375937481971094,0.2732628694137841,0.49538461538461537,325,9.2,5.3,7.2,10.8,7.6,7.9,8.4,7.6,20.9,7.1,0.0,5.6,0.6208690333690333,0.10638201138201138,0.26346865221865223,0.009280303030303031,UL,0.943126081451409,0.09860215053763441,0.013642473118279569,0.03125,0.0,UL,3.7,10,0.0,0.0,0.0,0.0,0.0
size9_comp0.4_grid5_base_low,9,0.4,5,low,base,base,6,6,12,4,4,1,1,1,9,3,0,6,0.3333333333333333,0.0,0.6666666666666666,0.0,28.77777777777778,0.4247104247104247,0.4305555555555556,0.3953488372093023,0.0,1.0976741186559666,0.4116655303248835,0.4253895163707651,1.1460623630772093,0.4137486607400413,0.3852505524024505,0.8266999498970071,0.4,0.6501677145933271,0.16680171100233798,0.4247104247104247,259,8.88888888888889,3.4444444444444446,9.222222222222221,7.222222222222222,8.222222222222221,5.666666666666667,6.444444444444445,7.444444444444445,18.333333333333332,6.666666666666667,3.111111111111111,6.0,0.22593310828604946,0.06627903686727216,0.4784940005528241,0.22929385429385432,DL,0.9206260643486088,0.010648148148148148,0.006944444444444444,0.0681931931931932,0.003703703703703704,DL,1.8888888888888888,9,0.0,0.0,0.0,0.0,0.0
size9_comp0.4_grid6_base_low,9,0.4,6,low,base,base,6,3,9,5,3,1,1,1,10,2,1,7,0.2,0.1,0.7,0.1,37.8,0.4497354497354497,0.44235924932975873,1.0,0.02,1.0022534991855063,0.34375,0.3037505054607868,1.1059348956529724,0.3103448275862069,0.3137055146836866,0.0,0.6666666666666666,0.20751874963942188,0.14056561572644496,0.4497354497354497,378,13.3,4.1,10.1,10.3,10.0,9.2,8.3,9.3,25.5,8.8,0.1,7.8,0.13480235943393837,0.40736373762689554,0.36180608085871246,0.09602782208045366,UR,1.2448018459970636,0.017222222222222222,0.008333333333333333,0.029285714285714283,0.0,DL,1.8,5,0.5,0.0,0.0,0.0,0.0
size9_comp0.4_grid7_base_low,9,0.4,7,low,base,base,9,6,15,7,6,1,1,1,10,1,0,0,0.1,0.0,0.0,0.0,48.0,0.4270833333333333,0.4279661016949153,0.375,0.0,1.2024352496181419,0.3142857142857143,0.505838638029655,1.3822494391943092,0.3103448275862069,0.4618301450544411,0.3333333333333333,0.3333333333333333,0.7185463540765221,0.08701705806297644,0.4270833333333333,480,9.9,11.6,13.5,12.8,10.3,11.8,10.1,14.4,34.1,12.6,0.0,10.3,0.11033386327503973,0.7844891109596992,0.042796073384308686,0.062380952380952384,UR,0.7244592507373551,0.0020833333333333333,0.28750000000000003,0.004166666666666667,0.0020833333333333333,UR,8.0,13,1.0,0.0,0.0,0.0,0.0
size9_comp0.4_grid8_base_low,9,0.4,8,low,base,base,7,3,10,4,3,1,1,1,10,5,1,2,0.5,0.1,0.2,0.1,38.9,0.5218508997429306,0.5201149425287356,0.5365853658536586,0.0625,1.2213351442167635,0.56,0.39215787364096627,1.4329640931023977,0.625,0.39971383486930895,0.8451059017534139,0.4444444444444444,0.3787250536794681,0.1459580452750462,0.5218508997429306,389,9.6,8.5,11.9,8.9,7.7,9.1,8.9,12.2,26.7,10.8,1.0,4.4,0.19523312747079052,0.7811234616764963,0.023643410852713174,0.0,UR,0.6441453335324943,0.00625,0.44648148148148153,0.0,0.0,UR,7.2,11,0.9,0.1,0.0,0.0,0.0
size9_comp0.4_grid9_base_low,9,0.4,9,low,base,base,10,9,19,5,8,1,1,1,10,3,0,1,0.3,0.0,0.1,0.0,46.8,0.4935897435897436,0.4975609756097561,0.46551724137931033,0.0,1.2036492264364942,0.5040458333676741,0.3912165820971824,1.4463541139761877,0.36865240387389064,0.310347911438804,0.8092537841844918,0.7240601562950723,0.5226281719170472,0.1823731220252376,0.4935897435897436,468,8.2,11.3,12.2,15.0,11.4,11.2,12.0,11.0,31.7,9.9,0.4,7.4,0.6177762514084669,0.223912345082761,0.015789473684210527,0.1425219298245614,UL,1.1030062643763987,0.11875,0.004166666666666667,0.0,0.020833333333333336,UL,3.4,5,0.8,0.2,0.0,0.0,0.0
size9_comp0.6_grid0_base_low,9,0.6,0,low,base,base,4,4,8,4,4,1,1,1,10,5,5,5,0.5,0.5,0.5,0.5,30.4,0.46381578947368424,0.4275092936802974,0.7428571428571429,0.11350326797385621,1.1858049642444646,0.4230769230769231,0.32352618974368397,1.393135456952869,0.4117647058823529,0.37804263109029046,0.7941807002397011,0.4444444444444444,0.22055068942231615,0.21224320805046712,0.46381578947368424,304,8.6,5.0,9.3,7.5,6.5,6.9,8.8,7.2,19.7,5.9,0.4,6.2,0.21828675266175268,0.7817132473382474,0.0,0.0,UR,0.560712472108729,0.05708823529411765,0.33261958620460064,0.0,0.0,UR,7.0,17,1.0,0.0,0.0,0.0,0.0
size9_comp0.6_grid1_base_low,9,0.6,1,low,base,base,7,6,13,3,5,1,1,1,9,6,2,3,0.6666666666666666,0.2222222222222222,0.3333333333333333,0.2222222222222222,39.77777777777778,0.4860335195530726,0.49808429118773945,0.4536082474226804,0.07738095238095238,1.1865189998205055,0.34375,0.3342316092605641,1.315762040162828,0.3125,0.32146014179085036,1.0572759594781829,0.375,0.34700307673027786,0.198824556479208,0.4860335195530726,358,10.333333333333334,5.0,12.333333333333334,12.11111111111111,10.222222222222221,9.0,9.555555555555555,10.0,27.0,8.88888888888889,1.7777777777777777,7.111111111111111,0.005050505050505051,0.1717794476415166,0.5226183904344824,0.30055165687349594,DL,1.0816276901014406,0.0,0.02175925925925926,0.10895863395863396,0.0,DL,4.0,12,0.4444444444444444,0.0,0.0,0.0,0.0
size9_comp0.6_grid2_base_low,9,0.6,2,low,base,base,5,6,11,3,4,1,1,1,10,4,3,6,0.4,0.3,0.6,0.3,19.9,0.5025125628140703,0.4777777777777778,0.5229357798165137,0.12155214424951266,1.161564823223586,0.16666666666666666,0.35193164272533384,1.225788723532123,0.1,0.3562072712209926,1.1156906087174883,0.21428571428571427,0.3488776223712919,0.155574708515885,0.5025125628140703,199,5.6,3.4,5.5,5.4,4.8,4.5,4.0,5.6,13.1,4.8,1.3,3.2,0.00909090909090909,0.0,0.06934011934011934,0.9215689715689717,DR,0.2899975105691618,0.0,0.0,0.0,0.1812403103718893,DR,1.6,6,1.0,0.0,0.0,0.0,0.0
size9_comp0.6_grid3_base_low,9,0.6,3,low,base,base,7,3,10,8,1,1,1,1,10,9,3,1,0.9,0.3,0.1,0.3,43.6,0.48394495412844035,0.48059701492537316,0.49504950495049505,0.08524719495091164,1.203740489923755,0.25925925925925924,0.34944722770632225,1.3851876547394244,0.23076923076923078,0.347802966949174,1.0352538368806337,0.2857142857142857,0.3509740412665313,0.28902544834298816,0.48394495412844035,436,7.9,11.4,11.2,13.1,10.8,10.0,9.2,12.6,30.3,10.5,2.1,8.8,0.80667134945697,0.1106970715956616,0.08263157894736842,0.0,UL,0.5894694435168185,0.25754182849642177,0.014583333333333334,0.02483974358974359,0.0,UL,5.8,11,0.9,0.0,0.0,0.0,0.0
size9_comp0.6_grid4_base_low,9,0.6,4,low,base,base,6,7,13,7,6,1,1,1,10,2,0,2,0.2,0.0,0.2,0.0,44.9,0.41202672605790647,0.4119047619047619,0.41379310344827586,0.0,1.3187623809108033,0.38814178573489017,0.44645820285310683,1.4931431088906524,0.4071139423354291,0.40334602790754087,0.8149958334134618,0.3333333333333333,0.5710044860291863,0.15396604502653885,0.41202672605790647,449,9.9,10.8,10.9,13.1,9.3,12.0,10.5,11.7,30.5,9.7,1.0,6.9,0.20104460035494517,0.617115572805228,0.16493506493506493,0.016904761904761905,UR,0.805823538886761,0.0125,0.1554865424430642,0.03125,0.0,UR,3.8,7,0.0,0.2,0.0,0.0,0.0
size9_comp0.6_grid5_base_low,9,0.6,5,low,base,base,5,5,10,6,2,1,1,1,10,8,2,2,0.8,0.2,0.2,0.2,38.9,0.45758354755784064,0.47596153846153844,0.43646408839779005,0.08514492753623189,1.1350015812044372,0.15151515151515152,0.3751783847948333,1.2369356678449157,0.125,0.3215629954215026,1.039063617307516,0.17647058823529413,0.4256399277344386,0.11460799301708395,0.45758354755784064,389,10.5,4.4,10.1,13.9,12.2,8.7,8.6,8.4,27.8,7.6,1.1,9.4,0.025,0.13950175402318865,0.5417316820398439,0.29376656393696743,DL,1.1964557657392827,0.004166666666666667,0.0,0.07324561403508771,0.0,DL,1.7,6,0.8,0.0,0.0,0.0,0.0
size9_comp0.6_grid6_base_low,9,0.6,6,low,base,base,6,11,17,5,6,1,1,1,10,4,3,3,0.4,0.3,0.3,0.3,44.6,0.4461883408071749,0.4011142061281337,0.632183908045977,0.12138324534741107,1.0127556197305008,0.33687343753004817,0.3877097525958862,1.0978731137070201,0.31422788467085816,0.5212206399296189,0.9121622177582506,0.36363636363636365,0.22992415847420222,0.15127544469756607,0.4461883408071749,446,14.4,8.2,10.0,11.7,11.6,9.9,9.8,11.8,29.3,10.0,0.0,9.2,0.15546979671979672,0.10740950189319756,0.5784256777324539,0.15869502365455188,DL,1.0444537786107775,0.03614221724524076,0.015400202634245186,0.1942101630105549,0.05202834213192555,DL,5.1,8,0.6,0.2,0.0,0.0,0.0
size9_comp0.6_grid7_base_low,9,0.6,7,low,base,base,3,7,10,10,0,1,1,1,10,7,5,2,0.7,0.5,0.2,0.5,35.3,0.42776203966005666,0.36160714285714285,0.5426356589147286,0.20889952153110047,1.287083578267935,0.20930232558139536,0.42275906774419936,1.3131942304836584,0.25,0.4936933835240049,1.2383436941319184,0.13333333333333333,0.29034834495522915,0.1966460976951371,0.42776203966005666,353,11.8,7.0,6.2,10.3,9.1,8.1,8.1,9.0,22.2,6.6,2.4,10.3,0.3065710395994372,0.25534867118639937,0.41822072376636266,0.019859565447800744,DL,1.274965166675072,0.0,0.01707317073170732,0.1657489274738954,0.0,DL,5.6,17,0.5,0.0,0.0,0.0,0.0
size9_comp0.6_grid8_base_low,9,0.6,8,low,base,base,9,7,16,8,4,1,1,1,10,2,2,1,0.2,0.2,0.1,0.2,46.6,0.4356223175965665,0.4214123006833713,0.6666666666666666,0.06666666666666667,1.3975869411922164,0.2571428571428571,0.3069422376180047,1.5810769491986123,0.3076923076923077,0.35349777447501995,0.8675046958404053,0.1111111111111111,0.17244846447551618,0.20434625983790683,0.4356223175965665,466,9.4,12.5,12.8,11.9,11.5,12.3,8.9,12.9,33.6,9.9,0.1,9.8,0.21561853577819384,0.5299114181388568,0.14221198156682027,0.11225806451612903,UR,0.9574043954743271,0.020833333333333336,0.15833333333333335,0.0,0.016666666666666666,UR,4.6,10,0.5,0.1,0.0,0.0,0.0
size9_comp0.6_grid9_base_low,9,0.6,9,low,base,base,8,7,15,3,6,1,1,1,10,3,1,3,0.3,0.1,0.3,0.1,37.6,0.47606382978723405,0.4837758112094395,0.40540540540540543,0.03125,1.0997070372808326,0.2413793103448276,0.2765419288647561,1.2937526695472854,0.35,0.2860579392093811,0.6684945211331597,0.0,0.2553952392100338,0.22540556148889163,0.47606382978723405,376,10.2,9.8,7.6,10.0,8.9,9.3,8.3,10.1,25.7,8.9,1.2,6.7,0.5495026360599284,0.0,0.11327754108292425,0.33721982285714736,UL,1.0428789993654966,0.06607142857142857,0.0,0.0,0.0,UL,1.4,4,0.5,0.0,0.0,0.0,0.0
