grid_size,density,reasoning_effort,n_grids,mean_coin_collected_rate,se_coin_collected_rate,mean_full_success_rate,se_full_success_rate,mean_goal_only_rate,se_goal_only_rate,mean_action_accuracy,se_action_accuracy,mean_action_accuracy_phase1,mean_action_accuracy_phase2,mean_spl,se_spl,mean_entropy,mean_jsd,mean_entropy_phase1,mean_entropy_phase2,mean_optimal_entropy_phase1,mean_optimal_entropy_phase2,mean_jsd_phase1,mean_jsd_phase2,mean_ece,mean_start_to_goal_distance,mean_coin_detour_distance,mean_actions_up,mean_actions_down,mean_actions_left,mean_actions_right,mean_steps_front,mean_steps_left_turn,mean_steps_right_turn,mean_steps_back,mean_cell_revisits,mean_immediate_revisits,mean_coin_oscillations,mean_quadrant_fraction_ul,mean_quadrant_fraction_ur,mean_quadrant_fraction_dl,mean_quadrant_fraction_dr,mean_quadrant_entropy,mean_corner_fraction_ul,mean_corner_fraction_ur,mean_corner_fraction_dl,mean_corner_fraction_dr,mean_max_corner_dwell_run,worst_max_corner_dwell_run,mean_preferred_quadrant_contains_start,mean_preferred_quadrant_contains_coin,mean_preferred_corner_contains_start,mean_preferred_corner_contains_goal,mean_preferred_corner_contains_coin
7,0.0,low,10,0.6,0.13249737942901194,0.32999999999999996,0.10959521481849065,0.32999999999999996,0.14146063449281965,0.54531934431429,0.04738043918919148,0.6123769515364735,0.48674568022035986,0.16543615027136996,0.06818447787121022,0.6818173654224752,0.38133743303865936,0.6313409957698869,0.5976823990834733,0.5932738095238095,0.4512729741019214,0.34310162094144725,0.24556655365129282,0.1651523753109449,4.0,1.9,2.29,3.25,6.529999999999999,6.35,4.59,2.4899999999999998,3.9200000000000004,6.029999999999999,10.84,5.6899999999999995,1.04,0.3347706506005772,0.2451385922261881,0.21055514545093562,0.10953561172229902,0.7424681932986608,0.026167693417693417,0.0025875,0.016807644110275688,0.00165,0.48,1.0,0.49000000000000005,0.1,0.0,0.0,0.0
7,0.2,low,10,0.49000000000000005,0.15162087220725545,0.16999999999999998,0.10333333333333335,0.33999999999999997,0.14544949486180953,0.5157419850284922,0.07372424395101415,0.5743443868215035,0.2539399979728317,0.098863134626856,0.06972079328385945,0.7319998069880553,0.4235722321945542,0.7392567447228554,0.5172239674902274,0.4648953823953824,0.29951347123338806,0.3845419648839657,0.26723106100733574,0.17550626567284228,3.9,2.3,2.83,1.75,6.88,8.18,6.21,2.59,3.1399999999999997,5.57,14.190000000000001,4.5200000000000005,2.1100000000000003,0.46652861956099273,0.09157246422142057,0.3786694140912407,0.06322950212634601,0.5236231679022894,0.046442862653601195,0.0,0.018300766283524905,0.0,0.49000000000000005,0.9,0.4,0.15,0.0,0.0,0.0
7,0.4,low,10,0.31,0.127758452644912,0.05,0.049999999999999996,0.12,0.05925462944877059,0.2685761461364614,0.047677698129436154,0.3033056450093711,0.2141279775820521,0.02456923988233286,0.02456923988233286,0.7230729344714526,0.5632258870264227,0.7472705894599544,0.3148092824511531,0.2959199134199134,0.11527777777777777,0.5329270262257907,0.2212740559687992,0.23064178122390597,5.8,2.2,3.75,3.8600000000000003,10.64,10.33,11.61,3.8,4.529999999999999,6.55,24.21,4.55,1.6199999999999999,0.275510308929117,0.05545518207282914,0.33759076852799763,0.24144374047005623,0.46504887136535233,0.10483752142497811,0.0003225806451612903,0.005909090909090909,0.014733567262030258,3.7900000000000005,6.8,0.41,0.24000000000000005,0.0,0.0,0.0
7,0.6,low,10,0.26,0.11469767022723501,0.05,0.040138648595974324,0.22999999999999998,0.13,0.28885106300672,0.04073229935491843,0.30468537538350615,0.2415646433637438,0.02596761133603239,0.023515610143162054,0.7853006357600171,0.44443824326195314,0.8411509942787593,0.27775682050940426,0.1948989898989899,0.13785714285714284,0.4395829767261592,0.2798381282033036,0.28595086099890427,5.2,2.3,3.66,3.38,12.01,5.79,10.14,3.3600000000000003,3.4799999999999995,5.529999999999999,20.740000000000002,4.01,1.9100000000000001,0.1786057276057276,0.31830569430569433,0.14375303643724696,0.2693355416513311,0.270060129735101,0.0084375,0.011493467180967182,0.036724537037037035,0.0035663798920377867,1.02,3.0,0.3,0.19,0.0,0.0,0.0
9,0.0,low,10,0.38,0.1271918935222594,0.25,0.09803627446568494,0.5,0.12649110640673517,0.6208578163566882,0.04331631871559439,0.6713467409861105,0.42055080690326924,0.12316436323630095,0.04654967264393216,0.7064137236683713,0.3360590604136534,0.7098458049047052,0.4128200412870199,0.7107624930850083,0.4301178451178451,0.33563805363626165,0.19757482614744495,0.12234265175303752,5.8,2.6,3.6399999999999997,1.89,9.2,9.72,7.589999999999999,3.41,3.75,8.2,13.629999999999999,7.909999999999999,0.63,0.3556009295289693,0.36501019103305254,0.1418431290745807,0.07754575036339742,0.8356866540680091,0.043537937415017755,0.04834843683233643,0.021538903985535863,0.01122981830627826,2.25,7.4,0.22999999999999998,0.09,0.0,0.0,0.0
9,0.2,low,10,0.5599999999999999,0.15719768163402129,0.13,0.09433981132056604,0.27999999999999997,0.1364632632697248,0.4419496623266279,0.025476846234255144,0.525750289229245,0.23461630054842061,0.043057966540580375,0.03226365611886606,0.921044550751468,0.39007804103827504,0.8532309077843863,0.6105509102074834,0.521748219411254,0.35352878369581225,0.32754099367356704,0.26345335749228577,0.1912934818363385,5.9,2.1,3.53,3.12,14.85,11.830000000000002,11.209999999999999,5.0200000000000005,4.18,10.8,24.240000000000002,8.28,1.64,0.33990966743996537,0.32327897397944233,0.16200363030116163,0.17480772827943072,0.8295667302954994,0.023738677988677986,0.035416666666666666,0.019015870653138468,0.04714890175184293,2.9,8.5,0.34,0.19,0.0,0.0,0.0
9,0.4,low,10,0.47000000000000003,0.14067298564006128,0.06999999999999999,0.0334995854037363,0.42000000000000004,0.14360439485692011,0.4342430556423428,0.042682548753391156,0.49972636211184096,0.24844585549688541,0.03172614741580258,0.014462179839777009,0.8489567966622793,0.3974224276859135,0.8288271709404018,0.6176809280978508,0.3424103374864156,0.2840893922466021,0.3501920694525907,0.33263964572503457,0.21451626203970942,5.7,2.4,2.75,2.8200000000000003,15.309999999999999,10.18,12.370000000000001,4.09,3.71,9.5,22.84,7.45,1.59,0.35388556385794595,0.41648682470704645,0.11983156588348334,0.1097960455515242,0.7735788063505857,0.035440272204225694,0.1300341970121382,0.00750859694590649,0.011113013065920043,3.69,10.5,0.51,0.22000000000000003,0.0,0.0,0.0
9,0.6,low,10,0.15,0.08975274678557507,0.02,0.02,0.35,0.12845232578665128,0.33343616639406337,0.036320453678537416,0.3444695969005989,0.14779391614140863,0.008394736842105264,0.008394736842105264,0.9890453766732087,0.47361067987442107,1.0435073069542562,0.25938839407260866,0.2438719975676497,0.2313721875540867,0.46606411396920555,0.19431007813802118,0.28889953477676233,5.4,4.7,3.5700000000000003,3.84,15.779999999999998,13.05,13.959999999999999,4.86,5.65,10.77,28.909999999999997,7.159999999999999,1.1800000000000002,0.4883020926916518,0.1139579123791585,0.3005627079838489,0.09717728694534081,0.5538041463208057,0.035810541355761324,0.02123136866213117,0.0007631578947368421,0.011875,2.21,6.5,0.43,0.22999999999999998,0.0,0.0,0.0
11,0.0,low,10,0.36,0.14772346537440226,0.18,0.12092238098144703,0.24,0.13012814197295425,0.592925561091936,0.041953585359949745,0.6219924430516619,0.24121994072615288,0.05777647587343743,0.038917543302855476,0.6230237853244891,0.38787373462306673,0.6493455856482546,0.19031756626281132,0.8104629002710844,0.3819444444444444,0.370234976169774,0.27451994519669853,0.14121293839082333,7.8,2.9,3.3199999999999994,1.55,20.919999999999998,21.65,15.12,3.9,3.06,24.36,34.96,23.04,1.4300000000000002,0.20443961017516793,0.45183084139126073,0.11032510515062699,0.23340444328294424,0.6936618429168613,0.05735795454545456,0.01464699074074074,0.007746937860809813,0.04404437229437229,2.25,5.3,0.2,0.58,0.0,0.0,0.0
11,0.2,low,10,0.38,0.12000000000000001,0.16,0.08717797887081347,0.2,0.13333333333333333,0.46481998643259315,0.04808267259155963,0.47551705799131333,0.31659841573251407,0.05797878443531622,0.035292752326369636,0.7170080804349096,0.4263453185683764,0.7596862799256003,0.41337595295966506,0.7484014961494416,0.39780219780219783,0.4055394059840878,0.3277372148607737,0.14161176622968835,6.7,3.3,3.16,1.38,26.110000000000003,19.82,21.509999999999998,3.63,3.53,20.8,39.589999999999996,17.11,1.35,0.12659317730434838,0.19463696686498727,0.46312284681541876,0.21564700901524558,0.44496279497934255,0.0,0.0203125,0.069153860211426,0.0022141203703703706,2.37,6.0,0.44000000000000006,0.2,0.0,0.0,0.0
11,0.4,low,10,0.24,0.1284090685617215,0.0,0.0,0.17,0.11357816691600547,0.32440550681082286,0.056731291964764514,0.37545397558408966,0.11624812870532905,0.0,0.0,0.6858751866639418,0.5914011771131495,0.6196378911712047,0.1994849755063172,0.4169185510030024,0.11012162786148032,0.5455494979662825,0.12434896018994504,0.37120401763989486,7.8,3.3,1.48,0.1,32.660000000000004,21.669999999999998,31.619999999999997,1.41,1.4300000000000002,20.45,48.38,15.690000000000001,0.29,0.11873695208272259,0.25855570999774435,0.36087298129481526,0.26183435662471777,0.2900012464926204,0.003125,0.07578125,0.00015625,0.0034375000000000005,1.22,2.4,0.55,0.02,0.0,0.0,0.0
11,0.6,low,10,0.29,0.12948616399703355,0.02,0.013333333333333336,0.06,0.049888765156985884,0.31252125699127425,0.053828954507725145,0.42016155395947674,0.1311092060515248,0.003988095238095238,0.0026620596305196526,0.7610819093155488,0.4512871623847271,0.7331069907209333,0.3543338159396063,0.27653121732069097,0.1615165767135599,0.429194443663376,0.18375300538199701,0.31044509749765753,7.2,2.7,2.65,1.46,30.93,26.8,28.689999999999998,2.9899999999999998,3.38,25.78,53.5,20.15,3.55,0.05185925838155882,0.44805818991088947,0.3336448551700853,0.1564376965374664,0.33523429832559337,0.003125,0.06359375,0.014792865157078745,0.007185973748473748,2.3899999999999997,7.8,0.42000000000000004,0.18,0.0,0.0,0.0
